Name,URL,Website,LinkedIn,Email,Phone,City/Region,BC Region,Category,AI Focus Areas,Year Founded,Size,Short Blurb,Key People,Latitude,Longitude,Logo,PercentComplete
"AI Tinkerers Vancouver - Profile","https://www.notion.so/AI-Tinkerers-Vancouver-Profile-1d4c6f799a33809ebb9cc9ab2a6654d3",0,0,0,0,0,0,0,0,0,0,1,0,0,0,0,7
"Audette","https://www.notion.so/Audette-245c6f799a3381beba33c1db4c3af0f4",0,0,0,0,0,0,1,0,0,0,1,0,0,0,0,13
"Nytilus","https://www.notion.so/Nytilus-245c6f799a3381f19fcde8cdd3bf3ec0",0,0,0,0,0,0,1,0,0,0,1,0,0,0,0,13
"Defang","https://www.notion.so/Defang-245c6f799a33813eab37f1a088a69fd0",0,0,0,0,0,0,1,0,0,0,1,0,0,0,0,13
"Kardium","https://www.notion.so/Kardium-245c6f799a338135aeb7ca9aa2d8367b",0,0,0,0,0,0,1,0,0,0,1,0,0,0,0,13
"Boreal Genomics","https://www.notion.so/Boreal-Genomics-245c6f799a338150889aded00fc1bab6",0,0,0,0,0,0,1,0,0,0,1,0,0,0,0,13
"Aspect Biosystems","https://www.notion.so/Aspect-Biosystems-245c6f799a338122a7a5f1f6866bff62",0,0,0,0,0,0,1,0,0,0,1,0,0,0,0,13
"Clarius Mobile Health","https://www.notion.so/Clarius-Mobile-Health-245c6f799a33819980dcf208bb79c9d3",0,0,0,0,0,0,1,0,0,0,1,0,0,0,0,13
"WaitWell","https://www.notion.so/WaitWell-245c6f799a3381f191b6cd98b2a6dae7",0,0,0,0,0,0,1,0,0,0,1,0,0,0,0,13
"Pharity AI","https://www.notion.so/Pharity-AI-245c6f799a33813fa5d7ce29ef4acc1e",0,0,0,0,0,0,1,0,0,0,1,0,0,0,0,13
"1. **Unblocked**","https://www.notion.so/1-Unblocked-244c6f799a338161afb5fc9c3a727257",1,0,0,0,0,0,0,0,0,0,1,0,0,0,0,13
"This Fish","https://www.notion.so/This-Fish-245c6f799a3381089431e7f34a6c4f7f",0,0,0,0,0,0,1,0,1,0,1,0,0,0,0,20
"Shade AI","https://www.notion.so/Shade-AI-245c6f799a338148adead05992155a08",0,0,0,0,0,0,1,0,1,0,1,0,0,0,0,20
"Mashup Machine","https://www.notion.so/Mashup-Machine-245c6f799a338162b81cde66fc88813e",0,0,0,0,0,0,1,0,1,0,1,0,0,0,0,20
"Motive.io","https://www.notion.so/Motive-io-245c6f799a3381c984cdf621e6015b61",1,0,0,0,0,0,1,0,0,0,1,0,0,0,0,20
"Certn","https://www.notion.so/Certn-245c6f799a3381f786d6ebd67cb514d0",1,0,0,0,0,0,1,0,0,0,1,0,0,0,0,20
"Cmd","https://www.notion.so/Cmd-245c6f799a33816b82e0dd85667d2157",1,0,0,0,0,0,1,0,0,0,1,0,0,0,0,20
"Klue","https://www.notion.so/Klue-245c6f799a3381eaab76cb9e51d647a4",1,0,0,0,0,0,1,0,0,0,1,0,0,0,0,20
"Trustworthy AI Lab / Trustworthy AI Lab - SFU","https://www.notion.so/Trustworthy-AI-Lab-Trustworthy-AI-Lab-SFU-244c6f799a33818590efe4276fd5d208",1,0,0,0,1,0,0,0,0,0,1,0,0,0,0,20
"This Fish","https://www.notion.so/This-Fish-244c6f799a3381059293f75247fb6887",0,0,0,0,0,0,1,0,1,0,1,0,0,0,0,20
"Shade AI","https://www.notion.so/Shade-AI-244c6f799a3381c589b0f612dafa8d31",0,0,0,0,0,0,1,0,1,0,1,0,0,0,0,20
"QuantumSense","https://www.notion.so/QuantumSense-240c6f799a338164ae8fc5fc4c6a1706",0,0,0,0,0,0,0,0,1,0,1,1,0,0,0,20
"WasteFlow Technologies","https://www.notion.so/WasteFlow-Technologies-240c6f799a3381cd8799fc7da9d386c3",0,0,0,0,0,0,0,0,1,0,1,1,0,0,0,20
"CreatorFlow Media","https://www.notion.so/CreatorFlow-Media-240c6f799a33819ea248e22edbb93c51",0,0,0,0,0,0,0,0,1,0,1,1,0,0,0,20
"DataMesh Analytics","https://www.notion.so/DataMesh-Analytics-240c6f799a33819e9298c78c8f48bbfa",0,0,0,0,0,0,0,0,1,0,1,1,0,0,0,20
"EnergyFlow Dynamics","https://www.notion.so/EnergyFlow-Dynamics-240c6f799a3381a68ae9f512f35b186e",0,0,0,0,0,0,0,0,1,0,1,1,0,0,0,20
"SecureChain Labs","https://www.notion.so/SecureChain-Labs-240c6f799a33818fb495d05e80c45a92",0,0,0,0,0,0,0,0,1,0,1,1,0,0,0,20
"GameFlow Studios","https://www.notion.so/GameFlow-Studios-240c6f799a3381bf9969fe3f53276a5e",0,0,0,0,0,0,0,0,1,0,1,1,0,0,0,20
"AgriTech Innovations","https://www.notion.so/AgriTech-Innovations-240c6f799a3381b8ae2ddeca281e0ec9",0,0,0,0,0,0,0,0,1,0,1,1,0,0,0,20
"SpaceLink Communications","https://www.notion.so/SpaceLink-Communications-240c6f799a3381c0a856f5f5f11ab0fb",0,0,0,0,0,0,0,0,1,0,1,1,0,0,0,20
"HealthGraph AI","https://www.notion.so/HealthGraph-AI-240c6f799a338138b70ed83f06c26e73",0,0,0,0,0,0,0,0,1,0,1,1,0,0,0,20
"Ocean Robotics Dynamics","https://www.notion.so/Ocean-Robotics-Dynamics-240c6f799a3381c4b7cac0a5d07cba35",0,0,0,0,0,0,0,0,1,0,1,1,0,0,0,20
"FinFlow Systems","https://www.notion.so/FinFlow-Systems-240c6f799a33812eb9ffc028732a23cb",0,0,0,0,0,0,0,0,1,0,1,1,0,0,0,20
"Immersive Learning Labs","https://www.notion.so/Immersive-Learning-Labs-240c6f799a3381efa69ac0ff825b71be",0,0,0,0,0,0,0,0,1,0,1,1,0,0,0,20
"CarbonFlow","https://www.notion.so/CarbonFlow-240c6f799a338186a8afeb60ac16378c",0,0,0,0,0,0,0,0,1,0,1,1,0,0,0,20
"PropFlow AI","https://www.notion.so/PropFlow-AI-240c6f799a33817fbae8f0849b8d4803",0,0,0,0,0,0,0,0,1,0,1,1,0,0,0,20
"Neural Therapeutics","https://www.notion.so/Neural-Therapeutics-240c6f799a3381fe9739ddab03f47139",0,0,0,0,0,0,0,0,1,0,1,1,0,0,0,20
"CleanGrid Systems","https://www.notion.so/CleanGrid-Systems-240c6f799a3381eca228ca7bb98d746e",0,0,0,0,0,0,0,0,1,0,1,1,0,0,0,20
"BioSynth Technologies","https://www.notion.so/BioSynth-Technologies-240c6f799a338107bfd8f0dd9bb05e84",0,0,0,0,0,0,0,0,1,0,1,1,0,0,0,20
"Quantum Dynamics","https://www.notion.so/Quantum-Dynamics-240c6f799a3381919813f6d0e3488fd6",0,0,0,0,0,0,0,0,1,0,1,1,0,0,0,20
"Nexus AI Labs","https://www.notion.so/Nexus-AI-Labs-240c6f799a3381cda249d3f59fc8309d",0,0,0,0,0,0,0,0,1,0,1,1,0,0,0,20
"City of Richmond AI Strategy","https://www.notion.so/City-of-Richmond-AI-Strategy-23fc6f799a3381509eeaf8d3d206b6b8",0,0,0,0,0,0,1,0,1,0,1,0,0,0,0,20
"BC AI Assist Program","https://www.notion.so/BC-AI-Assist-Program-23fc6f799a33817f9effd3cfefab274a",0,0,0,0,0,0,1,0,1,0,1,0,0,0,0,20
"BC Regional AI Initiative","https://www.notion.so/BC-Regional-AI-Initiative-23fc6f799a3381619022db94c076be74",0,0,0,0,0,0,1,0,1,0,1,0,0,0,0,20
"BC Regional AI Initiative Recipients","https://www.notion.so/BC-Regional-AI-Initiative-Recipients-23fc6f799a33819bac0fd316a92b8c07",0,0,0,0,0,0,1,0,1,0,1,0,0,0,0,20
"AI Network of British Columbia","https://www.notion.so/AI-Network-of-British-Columbia-23fc6f799a338181b0d0d1f15d6fea41",0,0,0,0,0,0,1,0,1,0,1,0,0,0,0,20
"VAG AI Imitation Game Program","https://www.notion.so/VAG-AI-Imitation-Game-Program-23fc6f799a33819c9509c69697a06631",0,0,0,0,0,0,1,0,1,0,1,0,0,0,0,20
"Stellar Code Lab","https://www.notion.so/Stellar-Code-Lab-23fc6f799a3381d98f76c5cf99a45e14",0,0,0,0,0,0,1,0,1,0,1,0,0,0,0,20
"Artificial Muse Music AI Residency","https://www.notion.so/Artificial-Muse-Music-AI-Residency-23fc6f799a3381ea96e4c920b4f5e0b2",0,0,0,0,0,0,1,0,1,0,1,0,0,0,0,20
"ICCSMLAI Vancouver Sports Track","https://www.notion.so/ICCSMLAI-Vancouver-Sports-Track-23fc6f799a3381eaa212d090b77e7270",0,0,0,0,0,0,1,0,1,0,1,0,0,0,0,20
"FLAIR BC Initiative","https://www.notion.so/FLAIR-BC-Initiative-23fc6f799a338105972af5291ba9504e",0,0,0,0,0,0,1,0,1,0,1,0,0,0,0,20
"UBC Kwak'wala AI Immersion Project","https://www.notion.so/UBC-Kwak-wala-AI-Immersion-Project-23fc6f799a3381a0a2d6fce118349c76",0,0,0,0,0,0,1,0,1,0,1,0,0,0,0,20
"Indigenous Protocol and AI Working Group","https://www.notion.so/Indigenous-Protocol-and-AI-Working-Group-23fc6f799a33811e9b3ae74d7e2a374b",0,0,0,0,0,0,1,0,1,0,1,0,0,0,0,20
"NEXT AI BC Companies","https://www.notion.so/NEXT-AI-BC-Companies-23fc6f799a3381f38f71f47fe1bd53e8",0,0,0,0,0,0,1,0,1,0,1,0,0,0,0,20
"Scale AI BC Recipients","https://www.notion.so/Scale-AI-BC-Recipients-23fc6f799a3381bb99b4e06406856531",0,0,0,0,0,0,1,0,1,0,1,0,0,0,0,20
"DigiBC Creative AI Members","https://www.notion.so/DigiBC-Creative-AI-Members-23fc6f799a338193b79be19e18cc35c2",0,0,0,0,0,0,1,0,1,0,1,0,0,0,0,20
"DigiBC Signals AI Showcase","https://www.notion.so/DigiBC-Signals-AI-Showcase-23fc6f799a3381398c2de340278f023e",0,0,0,0,0,0,1,0,1,0,1,0,0,0,0,20
"RAII Grant Recipients 2025","https://www.notion.so/RAII-Grant-Recipients-2025-23fc6f799a3381e8bb83d81f112e5580",0,0,0,0,0,0,1,0,1,0,1,0,0,0,0,20
"BC Fast Pilot AI Projects","https://www.notion.so/BC-Fast-Pilot-AI-Projects-23fc6f799a33818eb964da7b9a50ada9",0,0,0,0,0,0,1,0,1,0,1,0,0,0,0,20
"Shape Immersive","https://www.notion.so/Shape-Immersive-23fc6f799a338146a3edfb5d2725cb1a",0,0,1,0,0,0,0,0,1,0,1,0,0,0,0,20
"Investment & Accelerators (15)","https://www.notion.so/Investment-Accelerators-15-244c6f799a33818d96e8e5138ea3add8",1,0,0,0,1,1,0,0,0,0,1,0,0,0,0,27
"Academic & Research (12)","https://www.notion.so/Academic-Research-12-244c6f799a338175adc6f820737971b3",1,0,0,0,1,1,0,0,0,0,1,0,0,0,0,27
"Major Tech Companies & Enterprise (15)","https://www.notion.so/Major-Tech-Companies-Enterprise-15-244c6f799a338141996ddc9cb518c0c3",1,0,0,0,1,1,0,0,0,0,1,0,0,0,0,27
"Weir Motion Metrics","https://www.notion.so/Weir-Motion-Metrics-244c6f799a3381f68346cbce4b6da132",1,0,0,0,1,1,0,0,0,0,1,0,0,0,0,27
"VRFY Inc. / VRIFY Technology","https://www.notion.so/VRFY-Inc-VRIFY-Technology-244c6f799a3381428ba8db3f7f416516",1,0,0,0,1,1,0,0,0,0,1,0,0,0,0,27
"VIATEC (Fort Tectoria) / VIATEC AI Meetups","https://www.notion.so/VIATEC-Fort-Tectoria-VIATEC-AI-Meetups-244c6f799a33816186e0ed017f44d292",1,0,0,0,1,1,0,0,0,0,1,0,0,0,0,27
"Vancouver AI Community (VanAI) / Vancouver AI Meetup (VAM!)","https://www.notion.so/Vancouver-AI-Community-VanAI-Vancouver-AI-Meetup-VAM-244c6f799a3381c1b0f2c825824f8485",1,0,0,0,1,1,0,0,0,0,1,0,0,0,0,27
"Thales / Thales Canada","https://www.notion.so/Thales-Thales-Canada-244c6f799a3381adbb41c31cd9280c98",1,0,0,0,1,1,0,0,0,0,1,0,0,0,0,27
"Spare / Spare Technologies","https://www.notion.so/Spare-Spare-Technologies-244c6f799a3381d094ccfa9be6b61830",1,0,0,0,1,1,0,0,0,0,1,0,0,0,0,27
"SandboxAQ","https://www.notion.so/SandboxAQ-244c6f799a338165bff6d95756de0507",1,0,0,0,1,1,0,0,0,0,1,0,0,0,0,27
"Responsive AI / Responsive AI (Responsive Inc.)","https://www.notion.so/Responsive-AI-Responsive-AI-Responsive-Inc-244c6f799a338160afb1de81a68415f0",1,0,0,0,1,1,0,0,0,0,1,0,0,0,0,27
"RBC Borealis / RBC Borealis AI (Vancouver Lab)","https://www.notion.so/RBC-Borealis-RBC-Borealis-AI-Vancouver-Lab-244c6f799a3381d1a3afdc5b73c6b00f",1,0,0,0,1,1,0,0,0,0,1,0,0,0,0,27
"Pacific Laboratory for Artificial Intelligence (PLAI)","https://www.notion.so/Pacific-Laboratory-for-Artificial-Intelligence-PLAI-244c6f799a3381b2b202f3a7da2372ba",1,0,0,0,1,1,0,0,0,0,1,0,0,0,0,27
"OnDeck Fisheries / OnDeck Fisheries AI","https://www.notion.so/OnDeck-Fisheries-OnDeck-Fisheries-AI-244c6f799a33817bbed0ec5dcb88c237",1,0,0,0,1,1,0,0,0,0,1,0,0,0,0,27
"Olive / Olive Technologies, Inc","https://www.notion.so/Olive-Olive-Technologies-Inc-244c6f799a3381ae9863ca22999cfabe",1,0,0,0,1,1,0,0,0,0,1,0,0,0,0,27
"Motion Metrics / Weir Motion Metrics","https://www.notion.so/Motion-Metrics-Weir-Motion-Metrics-244c6f799a33811e995dc7e4602b9646",1,0,0,0,1,1,0,0,0,0,1,0,0,0,0,27
"Microsoft Research Asia Vancouver / Microsoft Vancouver","https://www.notion.so/Microsoft-Research-Asia-Vancouver-Microsoft-Vancouver-244c6f799a3381388b2bfae793475b11",1,0,0,0,1,1,0,0,0,0,1,0,0,0,0,27
"Kindred / Kindred AI","https://www.notion.so/Kindred-Kindred-AI-244c6f799a338101b5a9d02ed3098620",1,0,0,0,1,1,0,0,0,0,1,0,0,0,0,27
"Hugo / Hugo Inc","https://www.notion.so/Hugo-Hugo-Inc-244c6f799a33818a9c98e7724a78fffb",1,0,0,0,1,1,0,0,0,0,1,0,0,0,0,27
"Genesis AI / Genesis AI Corp","https://www.notion.so/Genesis-AI-Genesis-AI-Corp-244c6f799a3381ec8e92e11b9ea7eef2",1,0,0,0,1,1,0,0,0,0,1,0,0,0,0,27
"Gaze / Gaze AI","https://www.notion.so/Gaze-Gaze-AI-244c6f799a3381b88314df806d183fff",1,0,0,0,1,1,0,0,0,0,1,0,0,0,0,27
"Fujitsu / Fujitsu Intelligence Technology","https://www.notion.so/Fujitsu-Fujitsu-Intelligence-Technology-244c6f799a3381c38fa4f638c7b4187e",1,0,0,0,1,1,0,0,0,0,1,0,0,0,0,27
"Finger Food Advanced Technology Group / Finger Food Studios","https://www.notion.so/Finger-Food-Advanced-Technology-Group-Finger-Food-Studios-244c6f799a33811c8b40c5f0dfd06af6",1,0,0,0,1,1,0,0,0,0,1,0,0,0,0,27
"deltAlyz Canada / deltAlyz Corp","https://www.notion.so/deltAlyz-Canada-deltAlyz-Corp-244c6f799a33814198d8e3a3234e3f84",1,0,0,0,1,1,0,0,0,0,1,0,0,0,0,27
"Defang / Defang Software Labs","https://www.notion.so/Defang-Defang-Software-Labs-244c6f799a33819a9eedd02b5d039ecb",1,0,0,0,1,1,0,0,0,0,1,0,0,0,0,27
"Creative Destruction Lab (CDL) / CDL-Vancouver","https://www.notion.so/Creative-Destruction-Lab-CDL-CDL-Vancouver-244c6f799a338130a6a6e0017305a614",1,0,0,0,1,1,0,0,0,0,1,0,0,0,0,27
"BC + AI Ecosystem (BC AI Industry Association)","https://www.notion.so/BC-AI-Ecosystem-BC-AI-Industry-Association-244c6f799a3381bcbed8d844f218bcfd",1,0,0,0,1,1,0,0,0,0,1,0,0,0,0,27
"Artemis / Artemisdata","https://www.notion.so/Artemis-Artemisdata-244c6f799a338188b8d7cfbe12bd1132",1,0,0,0,1,1,0,0,0,0,1,0,0,0,0,27
"Animikii / Animikii Indigenous Technology Inc","https://www.notion.so/Animikii-Animikii-Indigenous-Technology-Inc-244c6f799a33811596dcfa74e96a94af",1,0,0,0,1,1,0,0,0,0,1,0,0,0,0,27
"AInBC (Artificial Intelligence network of BC)","https://www.notion.so/AInBC-Artificial-Intelligence-network-of-BC-244c6f799a33818698c7c7aa3c63b094",1,0,0,0,1,1,0,0,0,0,1,0,0,0,0,27
"5. **Thales Canada**","https://www.notion.so/5-Thales-Canada-244c6f799a33818a91d3d4cdd09cba73",1,0,0,0,1,1,0,0,0,0,1,0,0,0,0,27
"4. **SandboxAQ (Good Chemistry Acquisition)**","https://www.notion.so/4-SandboxAQ-Good-Chemistry-Acquisition-244c6f799a33818d8c6ee10f35bf0bf5",1,0,0,0,1,1,0,0,0,0,1,0,0,0,0,27
"3. **Fintel Connect**","https://www.notion.so/3-Fintel-Connect-244c6f799a3381e0a33ceba29d5e5fcf",1,0,0,0,1,1,0,0,0,0,1,0,0,0,0,27
"Riverlane Solutions","https://www.notion.so/Riverlane-Solutions-240c6f799a33812eafb8e60854815e73",0,1,0,0,0,0,0,0,1,0,1,1,0,0,0,27
"Motive.io","https://www.notion.so/Motive-io-240c6f799a33812bbd95d51e2be18fb3",0,1,0,0,0,0,0,0,1,0,1,1,0,0,0,27
"Payfirma","https://www.notion.so/Payfirma-240c6f799a3381cf961fc98d19bb195a",0,1,0,0,0,0,0,0,1,0,1,1,0,0,0,27
"Archiact","https://www.notion.so/Archiact-240c6f799a3381bda04cfac254358e1d",0,1,0,0,0,0,0,0,1,0,1,1,0,0,0,27
"Traction on Demand","https://www.notion.so/Traction-on-Demand-240c6f799a33817d9849e58177aa0b05",0,1,0,0,0,0,0,0,1,0,1,1,0,0,0,27
"General Fusion","https://www.notion.so/General-Fusion-240c6f799a338162b62fcdf2fd4815eb",0,1,0,0,0,0,0,0,1,0,1,1,0,0,0,27
"City of Surrey AI Initiative","https://www.notion.so/City-of-Surrey-AI-Initiative-23fc6f799a3381029150faf5dc3126da",0,0,0,0,0,1,1,0,1,0,1,0,0,0,0,27
"Stellantis LG Energy Solution BC","https://www.notion.so/Stellantis-LG-Energy-Solution-BC-23fc6f799a33815a9713def1a495e575",0,0,0,0,0,1,1,0,1,0,1,0,0,0,0,27
"Microsoft Canada AI Hub","https://www.notion.so/Microsoft-Canada-AI-Hub-23fc6f799a3381be9128e260cb998df9",0,0,0,0,0,0,1,0,1,0,1,0,0,0,1,27
"Service BC AI Search Platform","https://www.notion.so/Service-BC-AI-Search-Platform-23fc6f799a33819d9938cdac0c303ac4",1,0,0,0,0,0,1,0,1,0,1,0,0,0,0,27
"BC Wildfire Service AI Analytics","https://www.notion.so/BC-Wildfire-Service-AI-Analytics-23fc6f799a33814994d4e6e6bce9d31e",1,0,0,0,0,0,1,0,1,0,1,0,0,0,0,27
"DigiBC Signals Program","https://www.notion.so/DigiBC-Signals-Program-23fc6f799a33816097c7e88be6c2cc38",0,0,0,0,0,1,1,0,1,0,1,0,0,0,0,27
"Meton AI","https://www.notion.so/Meton-AI-23fc6f799a3381028af8d81b632dbd61",0,0,1,0,0,0,1,0,1,0,1,0,0,0,0,27
"Artificial Intelligence Underwriting Company (AIUC)","https://www.notion.so/Artificial-Intelligence-Underwriting-Company-AIUC-23fc6f799a338136a529e1fac7d2ffdb",0,0,0,0,0,0,1,1,1,0,1,0,0,0,0,27
"usediscovery.ai","https://www.notion.so/usediscovery-ai-244c6f799a3381e7b612c67fd86ded2e",1,0,0,0,1,1,1,0,0,0,1,0,0,0,0,33
"VirtualReception.ai","https://www.notion.so/VirtualReception-ai-244c6f799a33811fbffff5af278ee9cc",1,0,0,0,1,1,1,0,0,0,1,0,0,0,0,33
"Helios-Helmet","https://www.notion.so/Helios-Helmet-244c6f799a3381729cb2d7373ae79dfb",1,0,0,0,1,1,1,0,0,0,1,0,0,0,0,33
"Downtown.AI","https://www.notion.so/Downtown-AI-244c6f799a3381ebac39f72f234697bc",1,0,0,0,1,1,1,0,0,0,1,0,0,0,0,33
"Eventbase","https://www.notion.so/Eventbase-244c6f799a338100bf22d7e733eabc8f",1,0,0,0,0,0,0,1,1,0,1,1,0,0,0,33
"Coho Data","https://www.notion.so/Coho-Data-244c6f799a33810d9949cd3aafaf527e",1,0,0,0,0,0,0,1,1,0,1,1,0,0,0,33
"Finger Food Studios","https://www.notion.so/Finger-Food-Studios-240c6f799a33819d9e58f7e640777abb",0,1,0,0,0,0,0,0,1,0,1,1,0,0,1,33
"Excelar Technologies","https://www.notion.so/Excelar-Technologies-23fc6f799a3381f2aa7df41a2157ffd8",1,0,1,0,0,0,1,0,1,0,1,0,0,0,0,33
"ChildCare Services BC AI Platform","https://www.notion.so/ChildCare-Services-BC-AI-Platform-23fc6f799a33815bb33af8403797ca98",1,0,0,1,0,0,1,0,1,0,1,0,0,0,0,33
"Athletica","https://www.notion.so/Athletica-23fc6f799a338182a2bbe940ec42bd56",0,1,1,1,0,0,0,0,1,0,1,0,0,0,0,33
"CDL Vancouver","https://www.notion.so/CDL-Vancouver-23fc6f799a3381e49815c524beb0dc4f",0,0,0,0,1,1,1,0,1,0,1,0,0,0,0,33
"Applied AI Research Association (AAIRA)","https://www.notion.so/Applied-AI-Research-Association-AAIRA-23fc6f799a3381929eccd2311757a9c0",0,0,0,0,1,1,1,0,1,0,1,0,0,0,0,33
"First Nations Health Authority Digital Health","https://www.notion.so/First-Nations-Health-Authority-Digital-Health-23fc6f799a3381e9be87fb3703a2bda6",0,0,0,0,1,1,1,0,1,0,1,0,0,0,0,33
"Fraser Surrey Docks AI Operations","https://www.notion.so/Fraser-Surrey-Docks-AI-Operations-23fc6f799a33818787a0e2fc29fe2b80",0,0,0,0,1,0,1,1,1,0,1,0,0,0,0,33
"MistyWest","https://www.notion.so/MistyWest-245c6f799a338184bceee5bf2efa6f30",1,0,0,0,1,1,1,0,1,0,0,1,0,0,0,40
"New Media BC","https://www.notion.so/New-Media-BC-245c6f799a3381b799e9fa2281d5ce72",1,0,0,0,1,1,1,0,1,0,0,1,0,0,0,40
"MetaOptima / MetaOptima (DermEngine)","https://www.notion.so/MetaOptima-MetaOptima-DermEngine-244c6f799a338105b9d0f7fcd9f5ce32",1,0,1,0,1,1,0,0,1,0,1,0,0,0,0,40
"Flash Forest","https://www.notion.so/Flash-Forest-244c6f799a33818a98b7c7c6cb8d117b",1,0,1,0,0,0,0,1,1,0,1,1,0,0,0,40
"Tangam Systems","https://www.notion.so/Tangam-Systems-244c6f799a3381aca7ceef446e62eea0",1,0,1,0,0,0,0,1,1,0,1,1,0,0,0,40
"Lila Bioscience","https://www.notion.so/Lila-Bioscience-244c6f799a3381da975af23353c402e4",1,0,1,0,0,0,0,1,1,0,1,1,0,0,0,40
"Bit Literate","https://www.notion.so/Bit-Literate-244c6f799a33811d9fb8cb3e76e90fd8",1,0,1,0,0,0,0,1,1,0,1,1,0,0,0,40
"Nexii Building Solutions","https://www.notion.so/Nexii-Building-Solutions-244c6f799a3381238fcad4e58a7dbb68",1,0,1,0,0,0,0,1,1,0,1,1,0,0,0,40
"CodeStream","https://www.notion.so/CodeStream-240c6f799a33814fadd1cc65305f3224",0,0,0,0,1,1,1,0,1,0,1,1,0,0,0,40
"Twenty Billion Neurons","https://www.notion.so/Twenty-Billion-Neurons-240c6f799a3381088737f59c7ab8d019",0,0,0,0,1,1,1,0,1,0,1,1,0,0,0,40
"Chinook Therapeutics","https://www.notion.so/Chinook-Therapeutics-240c6f799a3381e7ab62c3733ac577a4",0,0,0,0,1,1,1,0,1,0,1,1,0,0,0,40
"Absolute Software","https://www.notion.so/Absolute-Software-240c6f799a3381b3a56bc53536ba869f",0,0,0,0,1,1,1,0,1,0,1,1,0,0,0,40
"Galvanize","https://www.notion.so/Galvanize-240c6f799a3381eba48fc4602b22549b",0,0,0,0,1,1,1,0,1,0,1,1,0,0,0,40
"Origen Air","https://www.notion.so/Origen-Air-240c6f799a3381339cbfef735bc28e10",0,0,0,0,1,1,1,0,1,0,1,1,0,0,0,40
"Beatdapp Software","https://www.notion.so/Beatdapp-Software-240c6f799a3381e2950ff980cef2c00f",0,0,0,0,1,1,1,0,1,0,1,1,0,0,0,40
"GreenFlow Analytics","https://www.notion.so/GreenFlow-Analytics-240c6f799a338140b976d65447f79fec",0,0,0,0,1,1,1,0,1,0,1,1,0,0,0,40
"Neural Dynamics","https://www.notion.so/Neural-Dynamics-240c6f799a3381498b39e2e75919b9de",0,0,0,0,1,1,1,0,1,0,1,1,0,0,0,40
"Vaultie","https://www.notion.so/Vaultie-240c6f799a3381ae98f0cb72297cefcb",0,0,0,0,1,1,1,0,1,0,1,1,0,0,0,40
"OVA (Open Virtual Assistant)","https://www.notion.so/OVA-Open-Virtual-Assistant-240c6f799a338144897ee32c2504e738",0,0,0,0,1,1,1,0,1,0,1,1,0,0,0,40
"RapidCert","https://www.notion.so/RapidCert-240c6f799a3381349ea2fc936c4951e4",0,0,0,0,1,1,1,0,1,0,1,1,0,0,0,40
"Enteligent","https://www.notion.so/Enteligent-240c6f799a33811ea7e9cc5f0a9711cf",0,0,0,0,1,1,1,0,1,0,1,1,0,0,0,40
"Cooler Heads Care","https://www.notion.so/Cooler-Heads-Care-240c6f799a3381598078d32987229438",0,0,0,0,1,1,1,0,1,0,1,1,0,0,0,40
"Canurta","https://www.notion.so/Canurta-240c6f799a3381d1b1edc1c691c935da",0,0,0,0,1,1,1,0,1,0,1,1,0,0,0,40
"Veritree","https://www.notion.so/Veritree-240c6f799a338152953ecf00b1aa7645",0,0,0,0,1,1,1,0,1,0,1,1,0,0,0,40
"Durable AI","https://www.notion.so/Durable-AI-240c6f799a3381168d1acc3d6da7d3a8",0,0,0,0,1,1,1,0,1,0,1,1,0,0,0,40
"Ariglad","https://www.notion.so/Ariglad-240c6f799a3381f588e6fe960823ce1b",0,0,0,0,1,1,1,0,1,0,1,1,0,0,0,40
"JackRabbit Ops","https://www.notion.so/JackRabbit-Ops-240c6f799a338143b4b4f7e76dc59437",0,0,0,0,1,1,1,0,1,0,1,1,0,0,0,40
"CloudMD Software & Services Inc","https://www.notion.so/CloudMD-Software-Services-Inc-240c6f799a3381edba45e7c0b2cebc9d",0,0,0,0,1,1,1,0,1,0,1,1,0,0,0,40
"Qu Biologics Inc","https://www.notion.so/Qu-Biologics-Inc-240c6f799a338135ab6de3e9cec8aa44",0,0,0,0,1,1,1,0,1,0,1,1,0,0,0,40
"WELL Health Technologies Corp","https://www.notion.so/WELL-Health-Technologies-Corp-240c6f799a3381bbb332f9256c0e375d",0,0,0,0,1,1,1,0,1,0,1,1,0,0,0,40
"Arbutus Biopharma Corporation","https://www.notion.so/Arbutus-Biopharma-Corporation-240c6f799a3381b6a25ded3eb34e3999",0,0,0,0,1,1,1,0,1,0,1,1,0,0,0,40
"Pocketed","https://www.notion.so/Pocketed-240c6f799a33812d855efcdc6b8fd2a7",0,0,0,0,1,1,1,0,1,0,1,1,0,0,0,40
"Kater Technologies","https://www.notion.so/Kater-Technologies-240c6f799a3381c49318dceb67b2e8eb",0,0,0,0,1,1,1,0,1,0,1,1,0,0,0,40
"Westport Fuel Systems Inc.","https://www.notion.so/Westport-Fuel-Systems-Inc-240c6f799a338131b5d9d295a807569a",0,0,0,0,1,1,1,0,1,0,1,1,0,0,0,40
"Moment Energy","https://www.notion.so/Moment-Energy-240c6f799a3381abbf6dc52d754a254d",0,0,0,0,1,1,1,0,1,0,1,1,0,0,0,40
"Lendesk Technologies","https://www.notion.so/Lendesk-Technologies-240c6f799a3381168597f5daba437243",0,0,0,0,1,1,1,0,1,0,1,1,0,0,0,40
"Narval Energy Inc.","https://www.notion.so/Narval-Energy-Inc-240c6f799a3381d4bf20cc38b1b3f705",0,0,0,0,1,1,1,1,1,0,1,0,0,0,0,40
"Ocean AID","https://www.notion.so/Ocean-AID-240c6f799a33813fb059dd0b4fb7ad2e",0,0,0,0,1,1,1,1,1,0,1,0,0,0,0,40
"Toonie","https://www.notion.so/Toonie-23fc6f799a3381f09a80df0e820af991",1,1,0,0,1,1,0,0,1,0,1,0,0,0,0,40
"BC Cleantech CEO Alliance","https://www.notion.so/BC-Cleantech-CEO-Alliance-23fc6f799a33814d9beccb8dd4e28789",0,1,0,0,1,1,1,0,1,0,1,0,0,0,0,40
"Pano AI BC Operations","https://www.notion.so/Pano-AI-BC-Operations-23fc6f799a338125b009ff24fe1152a4",0,1,0,0,1,1,1,0,1,0,1,0,0,0,0,40
"BC Manufacturing Skills Initiative","https://www.notion.so/BC-Manufacturing-Skills-Initiative-23fc6f799a33810d940fd96d005343b0",0,0,0,0,1,1,1,1,1,0,1,0,0,0,0,40
"Simform","https://www.notion.so/Simform-23fc6f799a338187b774d56056ed01a6",1,1,0,0,0,1,0,0,0,0,1,0,1,1,0,40
"Mobcoder","https://www.notion.so/Mobcoder-23fc6f799a3381f1b25bc6c89fa72a2e",1,1,0,0,0,0,0,0,1,0,1,0,1,1,0,40
"CAIDA ","https://www.notion.so/CAIDA-244c6f799a33818e8efeef6b9b21530d",1,0,0,0,1,1,1,0,1,0,1,1,0,0,0,47
"Workday Vancouver","https://www.notion.so/Workday-Vancouver-244c6f799a33816e8559c3e3801b98cd",1,1,1,0,0,0,0,1,1,0,1,1,0,0,0,47
"Apple Vancouver","https://www.notion.so/Apple-Vancouver-244c6f799a3381029f0fe1130347de60",1,1,1,0,0,0,0,1,1,0,1,1,0,0,0,47
"Amazon Vancouver","https://www.notion.so/Amazon-Vancouver-244c6f799a338189af82e126ee42a389",1,1,1,0,0,0,0,1,1,0,1,1,0,0,0,47
"WellHealth Technologies","https://www.notion.so/WellHealth-Technologies-244c6f799a33814184f7f1c53e0c93b2",1,1,1,0,0,0,0,1,1,0,1,1,0,0,0,47
"Rewind","https://www.notion.so/Rewind-244c6f799a3381579fbbf66bc0e0ed00",1,1,1,0,0,0,0,1,1,0,1,1,0,0,0,47
"SkyAcres Agrotechnologies","https://www.notion.so/SkyAcres-Agrotechnologies-240c6f799a3381a6ba44c2eecd65105d",0,0,0,0,1,1,1,0,1,0,1,1,0,0,1,47
"Roomvu","https://www.notion.so/Roomvu-240c6f799a3381f8a233e058f123e090",0,0,0,0,1,1,1,1,1,0,1,1,0,0,0,47
"Phaidra","https://www.notion.so/Phaidra-240c6f799a33812192e4d72a2527ab5e",0,0,0,0,1,1,1,1,1,0,1,1,0,0,0,47
"ZenHub","https://www.notion.so/ZenHub-240c6f799a33813e810af19fccb08754",0,0,0,0,1,1,1,0,1,0,1,1,0,0,1,47
"AgriSense AI","https://www.notion.so/AgriSense-AI-240c6f799a338179b664d704cc4233b9",0,0,0,0,1,1,1,1,1,0,1,1,0,0,0,47
"Forest AI Systems","https://www.notion.so/Forest-AI-Systems-240c6f799a3381b4bd74f9abc62860cb",0,0,0,0,1,1,1,1,1,0,1,1,0,0,0,47
"Voltaiq Energy AI","https://www.notion.so/Voltaiq-Energy-AI-240c6f799a3381609418cff10e3c999e",0,0,0,0,1,1,1,1,1,0,1,1,0,0,0,47
"CRH Medical","https://www.notion.so/CRH-Medical-240c6f799a33810ab098d331992876f3",1,0,0,0,1,1,1,0,1,0,1,1,0,0,0,47
"DigiBC Creative Technology Association","https://www.notion.so/DigiBC-Creative-Technology-Association-23fc6f799a3381538746ee1da8fadb29",0,0,0,0,1,1,1,1,1,0,1,1,0,0,0,47
"Boast AI","https://www.notion.so/Boast-AI-23fc6f799a33818aa6c0c5fe10727e6d",1,1,1,0,0,0,1,0,1,0,1,1,0,0,0,47
"BC Tech Hypergrowth Program","https://www.notion.so/BC-Tech-Hypergrowth-Program-23fc6f799a3381f492c2ec65c0e08d42",0,0,0,0,1,1,1,0,1,0,1,0,1,1,0,47
"UVic Coast Capital Innovation Centre","https://www.notion.so/UVic-Coast-Capital-Innovation-Centre-23fc6f799a33810ba152dc2b3d527836",0,0,0,0,1,1,1,0,1,0,1,0,1,1,0,47
"Adiabatic Quantum Computing Conference 2025","https://www.notion.so/Adiabatic-Quantum-Computing-Conference-2025-23fc6f799a3381ac9b55dfb79ba2c19e",0,0,0,0,1,1,1,0,1,0,1,0,1,1,0,47
"CareConnect","https://www.notion.so/CareConnect-23fc6f799a3381128c19dc29c0fa82cd",0,0,0,0,1,1,1,0,1,0,1,0,1,1,0,47
"Rally Legal","https://www.notion.so/Rally-Legal-23fc6f799a3381589322c541c2875958",0,1,0,0,1,1,0,0,1,0,1,0,1,1,0,47
"Vancouver PropTech Ecosystem","https://www.notion.so/Vancouver-PropTech-Ecosystem-23fc6f799a3381dab817f60850be7439",0,0,0,0,1,1,1,0,1,0,1,0,1,1,0,47
"ConstructAI","https://www.notion.so/ConstructAI-23fc6f799a338178a264cf1080d7a214",0,0,0,0,1,1,1,0,1,0,1,0,1,1,0,47
"Neptune Terminals AI Operations","https://www.notion.so/Neptune-Terminals-AI-Operations-23fc6f799a33811481cbfb32f74070f6",0,0,0,0,1,1,1,0,1,0,1,0,1,1,0,47
"BC Hydro Clean Power Action Plan","https://www.notion.so/BC-Hydro-Clean-Power-Action-Plan-23fc6f799a33810f8e31e291376efa32",0,0,0,0,1,1,1,0,1,0,1,0,1,1,0,47
"UBC Artificial Intelligence Research Centre","https://www.notion.so/UBC-Artificial-Intelligence-Research-Centre-1f0c6f799a338153becdd9326b96ce91",1,0,0,0,1,1,1,0,0,0,1,0,1,1,0,47
"Open Source: BCLawData","https://www.notion.so/Open-Source-BCLawData-1f0c6f799a3381c89e1bf62c130b6294",1,0,0,0,1,1,1,0,0,0,1,0,1,1,0,47
"Immersio Learning Inc.","https://www.notion.so/Immersio-Learning-Inc-245c6f799a3381368acef627cd070cfd",1,1,0,0,1,1,1,1,0,0,1,1,0,0,0,53
"Get Fresh Ventures","https://www.notion.so/Get-Fresh-Ventures-245c6f799a3381b392eede50c59bceed",1,0,1,0,1,1,1,0,1,0,1,1,0,0,0,53
"Circles of AI","https://www.notion.so/Circles-of-AI-245c6f799a338178bff1f281f582479b",1,0,1,0,1,1,1,0,1,0,1,1,0,0,0,53
"8. Quantum Algorithms Institute","https://www.notion.so/8-Quantum-Algorithms-Institute-244c6f799a3381cb9919ec4b2f5c5ecd",1,0,1,0,1,1,1,0,1,0,1,1,0,0,0,53
"Digital Technology Supercluster","https://www.notion.so/Digital-Technology-Supercluster-244c6f799a3381aabeefd0dbe931d7b6",1,0,1,0,1,1,1,0,1,0,1,1,0,0,0,53
"UBC Emerging Media Lab","https://www.notion.so/UBC-Emerging-Media-Lab-244c6f799a338158ae90d0bc80bd1019",1,0,0,0,1,1,1,0,1,1,1,1,0,0,0,53
"Artemis AI","https://www.notion.so/Artemis-AI-240c6f799a3381d1863fdb1e93708b2d",1,0,1,0,1,1,1,0,1,0,1,1,0,0,0,53
"IAMGOLD Innovation","https://www.notion.so/IAMGOLD-Innovation-240c6f799a338165a23ac3f876a5eabf",1,0,1,0,1,1,1,1,1,0,1,0,0,0,0,53
"Reebee","https://www.notion.so/Reebee-240c6f799a33814b9233fbb143d64dc2",1,1,0,0,1,1,1,0,1,0,1,1,0,0,0,53
"Loop Energy","https://www.notion.so/Loop-Energy-240c6f799a3381aebd2cfa145e84bf0e",1,1,0,0,1,1,1,0,1,0,1,1,0,0,0,53
"Sendwithus","https://www.notion.so/Sendwithus-240c6f799a33815ab4e0f1ee3486b78e",1,1,0,0,1,1,1,0,1,0,1,1,0,0,0,53
"Kiind","https://www.notion.so/Kiind-240c6f799a338115a5e3eb4165862ca4",1,1,0,0,1,1,1,0,1,0,1,1,0,0,0,53
"SFU Metacreation Lab for Creative AI","https://www.notion.so/SFU-Metacreation-Lab-for-Creative-AI-23fc6f799a33812a8213de318d6dfb1a",1,0,0,0,1,1,1,1,1,0,1,1,0,0,0,53
"Circle Innovation ","https://www.notion.so/Circle-Innovation-23fc6f799a3381d6aafcf1e7f3d18b2c",1,0,0,0,1,1,1,1,1,0,1,1,0,0,0,53
"Microsoft VCH AI Partnership","https://www.notion.so/Microsoft-VCH-AI-Partnership-23fc6f799a33819f96ace9784041a029",0,0,0,0,1,1,1,1,1,0,1,0,1,1,0,53
"BCIT Applied Research Centre for Sustainability Energy and Resource Innovations","https://www.notion.so/BCIT-Applied-Research-Centre-for-Sustainability-Energy-and-Resource-Innovations-23fc6f799a3381b5ad09c285d08d695c",0,0,0,0,1,1,1,1,1,0,1,0,1,1,0,53
"Unity Muse Vancouver Community","https://www.notion.so/Unity-Muse-Vancouver-Community-23fc6f799a3381d78723efbf5829fe6b",0,0,0,0,1,1,1,1,1,0,1,0,1,1,0,53
"External Development Summit Vancouver","https://www.notion.so/External-Development-Summit-Vancouver-23fc6f799a3381aaa1cfd69182e824b9",0,0,0,0,1,1,1,1,1,0,1,0,1,1,0,53
"BC Forest Innovation and Bioeconomy Manufacturing Program","https://www.notion.so/BC-Forest-Innovation-and-Bioeconomy-Manufacturing-Program-23fc6f799a338111a043df271f8e95a0",0,0,0,0,1,1,1,1,1,0,1,0,1,1,0,53
"CFS Mass Timber Innovation and Research Lab","https://www.notion.so/CFS-Mass-Timber-Innovation-and-Research-Lab-23fc6f799a33817f9b57caa969f4554f",0,0,0,0,1,1,1,1,1,0,1,0,1,1,0,53
"MiningTech North America Conference","https://www.notion.so/MiningTech-North-America-Conference-23fc6f799a3381bda9f6eabdb1a08712",0,0,0,0,1,1,1,1,1,0,1,0,1,1,0,53
"Southern Cross Gold BC","https://www.notion.so/Southern-Cross-Gold-BC-23fc6f799a33812c96c2fbea33cb386a",0,0,0,0,1,1,1,1,1,0,1,0,1,1,0,53
"Farmonaut BC","https://www.notion.so/Farmonaut-BC-23fc6f799a338198bad8dabc55067107",0,0,0,0,1,1,1,1,1,0,1,0,1,1,0,53
"BC Industry Partners AI Consortium","https://www.notion.so/BC-Industry-Partners-AI-Consortium-23fc6f799a33810486a0d0e1957e632c",0,0,0,0,1,1,1,1,1,0,1,0,1,1,0,53
"Vancouver PropTech Hub","https://www.notion.so/Vancouver-PropTech-Hub-23fc6f799a3381f584f1f3f6008f3c8e",0,0,0,0,1,1,1,1,1,0,1,0,1,1,0,53
"Fraser Surrey Docks","https://www.notion.so/Fraser-Surrey-Docks-23fc6f799a33811c90eafa87642b56ca",0,0,0,0,1,1,1,1,1,0,1,0,1,1,0,53
"VFPA Terminal 2 Project","https://www.notion.so/VFPA-Terminal-2-Project-23fc6f799a3381bb92fde9408c52e19c",0,0,0,0,1,1,1,1,1,0,1,0,1,1,0,53
"Deltaport Container Terminal","https://www.notion.so/Deltaport-Container-Terminal-23fc6f799a338125a0e7f7c920e4b8e8",0,0,0,0,1,1,1,1,1,0,1,0,1,1,0,53
"Neptune Terminals","https://www.notion.so/Neptune-Terminals-23fc6f799a3381bf9525c79e16ff3a40",0,0,0,0,1,1,1,1,1,0,1,0,1,1,0,53
"TIABC AI Workshop Initiative","https://www.notion.so/TIABC-AI-Workshop-Initiative-23fc6f799a338171b9e3d5790556b24f",0,0,0,0,1,1,1,1,1,0,1,0,1,1,0,53
"Site C Hydroelectric Project AI Division","https://www.notion.so/Site-C-Hydroelectric-Project-AI-Division-23fc6f799a33817eb1c3f51e7c86c7ca",0,0,0,0,1,1,1,1,1,0,1,0,1,1,0,53
"BC Hydro Electrification Initiative","https://www.notion.so/BC-Hydro-Electrification-Initiative-23fc6f799a3381e5b4e9f62e69011c60",0,0,0,0,1,1,1,1,1,0,1,0,1,1,0,53
"BCIT Xanadu Quantum Computing Program","https://www.notion.so/BCIT-Xanadu-Quantum-Computing-Program-23fc6f799a3381f0b59fff4000a394e5",0,0,0,0,1,1,1,1,1,0,1,0,1,1,0,53
"Vancouver International Privacy Security Summit","https://www.notion.so/Vancouver-International-Privacy-Security-Summit-23fc6f799a3381eaa951fa3fb05d806f",0,0,0,0,1,1,1,1,1,0,1,0,1,1,0,53
"CICE AI Program","https://www.notion.so/CICE-AI-Program-23fc6f799a3381d488d4f40dd6e5157f",0,0,0,0,1,1,1,1,1,0,1,0,1,1,0,53
"SFU Artificial Intelligence Research Group","https://www.notion.so/SFU-Artificial-Intelligence-Research-Group-23fc6f799a33812dbe34f3974cee4ab8",0,0,0,0,1,1,1,1,1,0,1,0,1,1,0,53
"DevFest YVR / AI Summit Vancouver","https://www.notion.so/DevFest-YVR-AI-Summit-Vancouver-23fc6f799a338138bbc5e89ce17ed21c",0,1,0,0,1,1,1,0,1,0,1,0,1,1,0,53
"Thompson Rivers University Computer Science","https://www.notion.so/Thompson-Rivers-University-Computer-Science-23fc6f799a3381269330f12d98fbfc33",0,0,0,0,1,1,1,1,1,0,1,0,1,1,0,53
"University of Victoria AI and Machine Learning Lab","https://www.notion.so/University-of-Victoria-AI-and-Machine-Learning-Lab-23fc6f799a338180b520d7d06882bfcc",0,0,0,0,1,1,1,1,1,0,1,0,1,1,0,53
"InBC Life Sciences Fund","https://www.notion.so/InBC-Life-Sciences-Fund-23fc6f799a3381cbba45fff149c337c7",0,0,0,0,1,1,1,1,1,0,1,0,1,1,0,53
"Digital Technology Supercluster Healthtech Initiative","https://www.notion.so/Digital-Technology-Supercluster-Healthtech-Initiative-23fc6f799a3381c0816ed93782f79461",0,0,0,0,1,1,1,1,1,0,1,0,1,1,0,53
"Microsoft Vancouver Coastal Health Partnership","https://www.notion.so/Microsoft-Vancouver-Coastal-Health-Partnership-23fc6f799a33811bab60d14ce505d900",0,0,0,0,1,1,1,1,1,0,1,0,1,1,0,53
"BC AI in Education Initiative","https://www.notion.so/BC-AI-in-Education-Initiative-23fc6f799a3381b0acdeee67f82cd45a",0,0,0,0,1,1,1,1,1,0,1,0,1,1,0,53
"Tutor Lily Inc","https://www.notion.so/Tutor-Lily-Inc-23fc6f799a338148a2c0dfbd2d59dc5c",1,0,0,0,1,1,1,0,1,0,1,0,1,1,0,53
"UBC Biomedical Research Facility","https://www.notion.so/UBC-Biomedical-Research-Facility-23fc6f799a33816d8b8bccb2de125782",0,0,0,0,1,1,1,1,1,0,1,0,1,1,0,53
"B.C. Centre for Innovation and Clean Energy (CICE)","https://www.notion.so/B-C-Centre-for-Innovation-and-Clean-Energy-CICE-23fc6f799a3381928f87ca7b4e44245c",0,1,0,0,1,1,1,0,1,0,1,0,1,1,0,53
"3D AI Studio Vancouver","https://www.notion.so/3D-AI-Studio-Vancouver-23fc6f799a3381808bb2f24d31f306ad",0,1,0,0,1,1,1,0,1,0,1,0,1,1,0,53
"Radical Entertainment","https://www.notion.so/Radical-Entertainment-23fc6f799a338189899edb8ddbe0a7e7",0,1,0,0,1,1,1,0,1,0,1,0,1,1,0,53
"BC Ocean and Marine Industry Association","https://www.notion.so/BC-Ocean-and-Marine-Industry-Association-23fc6f799a33810580c3c16bbe504b77",0,1,0,0,1,1,1,0,1,0,1,0,1,1,0,53
"Ocean Networks Canada AI Lab","https://www.notion.so/Ocean-Networks-Canada-AI-Lab-23fc6f799a3381759d32f25c9d28bcdc",0,1,0,0,1,1,1,0,1,0,1,0,1,1,0,53
"Kamloops Exploration Group","https://www.notion.so/Kamloops-Exploration-Group-23fc6f799a338143b3b9e60509578494",0,1,0,0,1,1,1,0,1,0,1,0,1,1,0,53
"BC Agritech Training Initiative","https://www.notion.so/BC-Agritech-Training-Initiative-23fc6f799a3381b8a8bec89cb321113a",0,0,0,0,1,1,1,1,1,0,1,0,1,1,0,53
"Semios","https://www.notion.so/Semios-23fc6f799a33814e8017dc7032e0a223",0,0,0,0,1,1,1,0,1,0,1,1,1,1,0,53
"BC Skills Training AI Initiative","https://www.notion.so/BC-Skills-Training-AI-Initiative-23fc6f799a3381f3847aeacf249abde2",0,0,0,0,1,1,1,1,1,0,1,0,1,1,0,53
"BC Construction Technology Initiative","https://www.notion.so/BC-Construction-Technology-Initiative-23fc6f799a338128acc9f9a5f682700d",0,0,0,0,1,1,1,1,1,0,1,0,1,1,0,53
"Site C Hydroelectric AI Integration","https://www.notion.so/Site-C-Hydroelectric-AI-Integration-23fc6f799a338168a8d3e3ab12e3bfd7",0,0,0,0,1,1,1,1,1,0,1,0,1,1,0,53
"Coast Capital Savings Innovation Centre","https://www.notion.so/Coast-Capital-Savings-Innovation-Centre-23fc6f799a3381fea266e15731bf1915",0,1,0,0,1,1,1,0,1,0,1,0,1,1,0,53
"Unblocked","https://www.notion.so/Unblocked-23fc6f799a338106a9bae2a72d3ad82f",1,1,0,0,0,1,0,0,0,1,1,1,1,1,0,53
"Canexia Health (Imagia Canexia Health)","https://www.notion.so/Canexia-Health-Imagia-Canexia-Health-23fc6f799a338131b80ce9c8e945e5b1",1,1,0,0,0,1,1,0,1,0,1,0,1,1,0,53
"Gaze AI","https://www.notion.so/Gaze-AI-23fc6f799a3381a08292f5bfad343bfd",0,1,0,0,0,1,1,0,1,1,1,0,1,1,0,53
"Bridge2AI","https://www.notion.so/Bridge2AI-23dc6f799a3381e6a90de7db0c0a3874",1,0,0,0,0,0,1,1,1,1,1,0,1,1,0,53
"Brainix","https://www.notion.so/Brainix-23dc6f799a33817ba509ebd8e18b3837",1,0,0,0,0,0,1,1,1,1,1,0,1,1,0,53
"boilerroom.ai","https://www.notion.so/boilerroom-ai-23dc6f799a33812e8beaef99c88d2ae5",1,0,0,0,0,0,1,1,1,1,1,0,1,1,0,53
"Bizzer AI","https://www.notion.so/Bizzer-AI-23dc6f799a33815d99bbfd82c0625bad",1,0,0,0,0,0,1,1,1,1,1,0,1,1,0,53
"Amass AI","https://www.notion.so/Amass-AI-23dc6f799a3381ecbd1ccf8c4ae8f48a",1,0,0,0,0,0,1,1,1,1,1,0,1,1,0,53
"AIMA Inc","https://www.notion.so/AIMA-Inc-23dc6f799a338120be84d8574c230327",1,0,0,0,0,0,1,1,1,1,1,0,1,1,0,53
"AI Stock Watch","https://www.notion.so/AI-Stock-Watch-23dc6f799a3381938fffc7a57412c607",1,0,0,0,0,0,1,1,1,1,1,0,1,1,0,53
"Deloitte Omnia AI","https://www.notion.so/Deloitte-Omnia-AI-1f1c6f799a3381aaad1bf8d94c3ff80a",0,0,0,0,1,1,1,1,0,0,1,1,1,1,0,53
"Vancouver Angel Network (VANTEC)","https://www.notion.so/Vancouver-Angel-Network-VANTEC-1f1c6f799a3381e1a426c859bc1e856b",1,0,0,0,1,1,1,1,0,0,1,0,1,1,0,53
"Finn.ai","https://www.notion.so/Finn-ai-1f1c6f799a3381fd9a9dffd755e9c5dc",1,0,0,0,1,1,1,1,0,0,1,0,1,1,0,53
"Pieoneers","https://www.notion.so/Pieoneers-1f1c6f799a338109b57fef1a32ba627e",1,0,0,0,1,1,1,1,0,0,1,0,1,1,0,53
"Inoxoft","https://www.notion.so/Inoxoft-1f1c6f799a3381feb3a6d225759c9a4b",1,0,0,0,1,1,1,1,0,0,1,0,1,1,0,53
"Dooly.ai","https://www.notion.so/Dooly-ai-1f1c6f799a33817caad0f1f298dc2dd2",1,0,0,0,1,1,1,1,0,0,1,0,1,1,0,53
"Victoria Data Society","https://www.notion.so/Victoria-Data-Society-1f0c6f799a3381e08acdd38e02381120",1,0,0,0,1,1,1,1,0,0,1,0,1,1,0,53
"Boreal Innovation Lab","https://www.notion.so/Boreal-Innovation-Lab-1f0c6f799a338195a829e7f36a33b783",1,0,0,1,1,1,1,0,0,0,1,0,1,1,0,53
"Media: BetaKit","https://www.notion.so/Media-BetaKit-1f0c6f799a33815f8867d9d0dd3f9e57",1,1,0,1,1,0,1,0,0,0,1,0,1,1,0,53
"Vancouver Robotics Club (VRC)","https://www.notion.so/Vancouver-Robotics-Club-VRC-1f0c6f799a338104a652fbd0214ff157",1,0,1,0,1,1,1,0,0,0,1,0,1,1,0,53
"Web 3.0 Vancouver","https://www.notion.so/Web-3-0-Vancouver-1f0c6f799a3381ec8478f475659d3141",1,0,0,1,1,1,1,0,0,0,1,0,1,1,0,53
"YVR Crypto Network","https://www.notion.so/YVR-Crypto-Network-1f0c6f799a3381c28546f9563605e1e8",1,0,0,1,1,1,1,0,0,0,1,0,1,1,0,53
"Ethereum Vancouver (EthVan)","https://www.notion.so/Ethereum-Vancouver-EthVan-1f0c6f799a3381e485f2ca1c7fbb3903",1,0,0,1,1,1,1,0,0,0,1,0,1,1,0,53
"GenAI & LLMs Developers","https://www.notion.so/GenAI-LLMs-Developers-1f0c6f799a3381c2b930ec1cd19e8bf4",1,0,0,1,1,1,1,0,0,0,1,0,1,1,0,53
"BBTV Holdings","https://www.notion.so/BBTV-Holdings-240c6f799a3381d49f4ad3d6be9635b9",1,1,1,0,1,1,1,0,1,0,1,1,0,0,0,60
"Enterra Feed","https://www.notion.so/Enterra-Feed-240c6f799a3381df8269c0d2dbd6bd85",1,1,1,0,1,1,1,0,1,0,1,1,0,0,0,60
"Careteam Technologies","https://www.notion.so/Careteam-Technologies-240c6f799a3381e5aaadf23c3cd7d053",1,1,0,0,1,1,1,1,1,0,1,1,0,0,0,60
"Phoenix Labs","https://www.notion.so/Phoenix-Labs-240c6f799a33813092b3de589fea8287",1,1,1,0,1,1,1,0,1,0,1,1,0,0,0,60
"Routific","https://www.notion.so/Routific-240c6f799a3381e89fd0f9e2c738c2e6",1,1,0,0,1,1,1,1,1,0,1,1,0,0,0,60
"Showbie","https://www.notion.so/Showbie-240c6f799a338127894ccf822cde3764",1,1,0,0,1,1,1,1,1,0,1,1,0,0,0,60
"LlamaZOO","https://www.notion.so/LlamaZOO-240c6f799a338101a70cde9c3f1c87a8",1,1,0,0,1,1,1,1,1,0,1,1,0,0,0,60
"AlayaCare","https://www.notion.so/AlayaCare-240c6f799a3381438fcbd0fa3a62bc52",1,1,0,0,1,1,1,1,1,0,1,1,0,0,0,60
"Canvass Analytics","https://www.notion.so/Canvass-Analytics-240c6f799a3381f7bad6ee532f9be345",1,1,0,0,1,1,1,1,1,0,1,1,0,0,0,60
"Wysdom.AI","https://www.notion.so/Wysdom-AI-240c6f799a3381ca982ee5b804915194",1,1,0,0,1,1,1,1,1,0,1,1,0,0,0,60
"Carbon Engineering","https://www.notion.so/Carbon-Engineering-240c6f799a33810b9af6ee4286908701",1,1,0,0,1,1,1,1,1,0,1,1,0,0,0,60
"Coinsquare","https://www.notion.so/Coinsquare-240c6f799a3381f4be97d45c4ff47375",1,1,0,0,1,1,1,1,1,0,1,1,0,0,0,60
"Kabam","https://www.notion.so/Kabam-240c6f799a3381bc91decd5baef49401",1,1,0,0,1,1,1,1,1,0,1,1,0,0,0,60
"Cohere Health Vancouver","https://www.notion.so/Cohere-Health-Vancouver-240c6f799a33811bbdf0c46ae8a64687",1,1,1,0,1,1,1,1,1,0,1,0,0,0,0,60
"Svante","https://www.notion.so/Svante-240c6f799a3381c7b421e926d3054742",1,1,0,0,1,1,1,1,1,0,1,1,0,0,0,60
"Saltworks Technologies","https://www.notion.so/Saltworks-Technologies-240c6f799a33818fa249faf56a2e5a09",1,1,0,0,1,1,1,1,1,0,1,1,0,0,0,60
"Cmd","https://www.notion.so/Cmd-240c6f799a338127b1f3da85914771d6",1,1,0,0,1,1,1,1,1,0,1,1,0,0,0,60
"Rigid Robotics","https://www.notion.so/Rigid-Robotics-240c6f799a3381828bc9f503f5381116",1,0,1,1,1,1,1,1,1,0,1,0,0,0,0,60
"Edvisor.io","https://www.notion.so/Edvisor-io-23fc6f799a3381778fb1fbfa25cbea69",1,1,1,0,1,1,0,0,1,0,1,0,1,1,0,60
"MindfulGarden","https://www.notion.so/MindfulGarden-23fc6f799a3381929e0def8175c956a9",1,0,1,0,1,1,1,0,1,0,1,0,1,1,0,60
"Big Whale Labs","https://www.notion.so/Big-Whale-Labs-23fc6f799a33819a8f42c66d712bf14b",1,1,0,0,1,1,1,0,1,0,1,0,1,1,0,60
"BC AI Gaming Innovation Fund","https://www.notion.so/BC-AI-Gaming-Innovation-Fund-23fc6f799a33814c9abedd34607880ce",0,1,0,0,1,1,1,1,1,0,1,0,1,1,0,60
"Vancouver Game Development AI Collective","https://www.notion.so/Vancouver-Game-Development-AI-Collective-23fc6f799a33819e8b3fd47a49dbbfd0",0,1,0,0,1,1,1,1,1,0,1,0,1,1,0,60
"Unity Muse Vancouver Users","https://www.notion.so/Unity-Muse-Vancouver-Users-23fc6f799a3381299bf2f50c3fdadaed",0,1,0,0,1,1,1,1,1,0,1,0,1,1,0,60
"Keywords Studios Vancouver","https://www.notion.so/Keywords-Studios-Vancouver-23fc6f799a3381788a85c2dba6b35b10",1,1,0,0,1,1,1,0,1,0,1,0,1,1,0,60
"External Development Summit (XDS)","https://www.notion.so/External-Development-Summit-XDS-23fc6f799a3381739383eaf346b45cd7",0,1,0,0,1,1,1,1,1,0,1,0,1,1,0,60
"Law Society of BC AI Ethics Initiative","https://www.notion.so/Law-Society-of-BC-AI-Ethics-Initiative-23fc6f799a3381f18ce8f669be4346de",0,1,0,0,1,1,1,1,1,0,1,0,1,1,0,60
"BC Securities Commission RegTech Sandbox","https://www.notion.so/BC-Securities-Commission-RegTech-Sandbox-23fc6f799a3381edbc87ce76c95fd03b",0,1,0,0,1,1,1,1,1,0,1,0,1,1,0,60
"Prince George AI Fire Detection Network","https://www.notion.so/Prince-George-AI-Fire-Detection-Network-23fc6f799a338114971bc7c3b76341ba",0,1,0,0,1,1,1,1,1,0,1,0,1,1,0,60
"Forest Innovation and Bioeconomy Program","https://www.notion.so/Forest-Innovation-and-Bioeconomy-Program-23fc6f799a33815e8e98f88e3e526304",0,1,0,0,1,1,1,1,1,0,1,0,1,1,0,60
"Canadian Forest Service Mass Timber Lab","https://www.notion.so/Canadian-Forest-Service-Mass-Timber-Lab-23fc6f799a338105b4ffde202f58cb7a",0,1,0,0,1,1,1,1,1,0,1,0,1,1,0,60
"qathet Regional District AI Fire System","https://www.notion.so/qathet-Regional-District-AI-Fire-System-23fc6f799a3381cd95b5e4424e1a4c4c",0,1,0,0,1,1,1,1,1,0,1,0,1,1,0,60
"Blue Economy Innovation Hub","https://www.notion.so/Blue-Economy-Innovation-Hub-23fc6f799a33819bbe47cfbd077585dc",0,1,0,0,1,1,1,1,1,0,1,0,1,1,0,60
"BC On-Farm Technology Adoption Program","https://www.notion.so/BC-On-Farm-Technology-Adoption-Program-23fc6f799a33816ca039ff4cfaea5143",1,0,1,1,1,1,1,1,1,0,1,0,0,0,0,60
"DP World Canada","https://www.notion.so/DP-World-Canada-23fc6f799a338176bc16dad5b67b0e95",0,0,0,1,1,1,1,1,1,0,1,0,1,1,0,60
"FreshGrade","https://www.notion.so/FreshGrade-23fc6f799a3381d3ba7bec6d97c25599",0,1,0,0,1,1,1,0,1,0,1,1,1,1,0,60
"Echosec Systems","https://www.notion.so/Echosec-Systems-23fc6f799a3381aeb260ef444fc8da29",1,1,0,0,1,1,1,0,1,0,1,0,1,1,0,60
"Lila Sciences","https://www.notion.so/Lila-Sciences-23fc6f799a3381bd9350c961f893f1a3",1,1,0,0,1,1,1,0,1,0,1,0,1,1,0,60
"Fintel Connect","https://www.notion.so/Fintel-Connect-23fc6f799a3381f3a6b9d9a142798c61",1,1,0,0,0,1,1,0,0,1,1,1,1,1,0,60
"Thales Canada","https://www.notion.so/Thales-Canada-23fc6f799a33812e8d33e1d12d22e597",1,1,0,0,0,1,1,0,0,1,1,1,1,1,0,60
"Vision Critical (Alida)","https://www.notion.so/Vision-Critical-Alida-23fc6f799a3381de890bfb2743bf0ad7",0,1,0,0,0,1,1,0,1,0,1,1,1,1,1,60
"RBC Borealis","https://www.notion.so/RBC-Borealis-23dc6f799a3381f6bf0fea2117753b46",0,1,0,0,1,1,1,1,1,1,0,0,1,1,0,60
"Drive Hockey Analytics","https://www.notion.so/Drive-Hockey-Analytics-23dc6f799a338187a016d27418833bc7",0,0,0,0,1,1,1,1,1,1,1,0,1,1,0,60
"Graphics, Artificial Intelligence, Design, and Games (GAIDG) Lab","https://www.notion.so/Graphics-Artificial-Intelligence-Design-and-Games-GAIDG-Lab-23dc6f799a33811183dacc25b52cfc56",1,0,0,0,1,1,1,1,0,1,1,0,1,1,0,60
"Grammarly","https://www.notion.so/Grammarly-23dc6f799a3381fb866ad8a83fd5fed7",1,0,0,0,1,1,1,1,0,1,1,0,1,1,0,60
"Advertising Intelligence (ADINT.AI)","https://www.notion.so/Advertising-Intelligence-ADINT-AI-23dc6f799a33810b9aeed193262b9e46",1,0,0,0,0,1,1,1,1,1,1,0,1,1,0,60
"mCloud","https://www.notion.so/mCloud-23dc6f799a33819f94fac87091cb3fe0",1,0,0,0,1,1,1,1,0,1,1,0,1,1,0,60
"TELUS Sovereign AI Factories","https://www.notion.so/TELUS-Sovereign-AI-Factories-23dc6f799a33812ebd98e5c2f4527238",1,0,0,0,1,1,1,1,0,1,1,0,1,1,0,60
"Google for Startups Accelerator: AI for Nature","https://www.notion.so/Google-for-Startups-Accelerator-AI-for-Nature-236c6f799a33810386f2ff0a75c70895",0,0,0,0,1,1,1,1,1,1,1,0,1,1,0,60
"RBC Borealis AI (Vancouver Lab)","https://www.notion.so/RBC-Borealis-AI-Vancouver-Lab-1f8c6f799a338179a60ddaa0d4738e2e",0,0,0,0,1,1,1,1,1,1,1,0,1,1,0,60
"Pender Ventures","https://www.notion.so/Pender-Ventures-1f1c6f799a338191a508f58e9e0454f1",1,0,1,0,1,1,1,1,0,0,1,0,1,1,0,60
"Foresight Canada","https://www.notion.so/Foresight-Canada-1f0c6f799a3381e593b5d988f84c21d8",1,1,0,1,1,1,1,0,0,0,1,0,1,1,0,60
"Accelerate Okanagan","https://www.notion.so/Accelerate-Okanagan-1f0c6f799a3381208011c9d40512fa2c",1,1,0,1,1,1,1,0,0,0,1,0,1,1,0,60
"AI Network of BC (AInBC)","https://www.notion.so/AI-Network-of-BC-AInBC-1f0c6f799a3381abadd3fa38a3bbcc71",1,1,1,0,1,1,1,0,0,0,1,0,1,1,0,60
"Women in ML & Data Science (WiMLDS YVR)","https://www.notion.so/Women-in-ML-Data-Science-WiMLDS-YVR-1f0c6f799a3381b3b10cefbaf7d78668",1,0,1,1,1,1,1,0,0,0,1,0,1,1,0,60
"LLM & AI Meetup (Vancouver)","https://www.notion.so/LLM-AI-Meetup-Vancouver-1f0c6f799a3381289488d439ceb836fd",1,1,0,1,1,1,1,0,0,0,1,0,1,1,0,60
"1QB Information Technologies","https://www.notion.so/1QB-Information-Technologies-240c6f799a33815db0ebde5ce56f9860",1,1,1,0,1,1,1,1,1,0,1,1,0,0,0,67
"Canalyst","https://www.notion.so/Canalyst-240c6f799a338190802ce456a870875b",1,1,1,1,1,1,1,0,1,0,1,1,0,0,0,67
"Lucent BioSciences","https://www.notion.so/Lucent-BioSciences-240c6f799a3381938664e813026c04bf",1,1,1,0,1,1,1,1,1,0,1,1,0,0,0,67
"Ayogo Health","https://www.notion.so/Ayogo-Health-240c6f799a33819d8407d62081146def",1,1,1,0,1,1,1,1,1,0,1,1,0,0,0,67
"Verge Agriculture","https://www.notion.so/Verge-Agriculture-240c6f799a33810294d5de10d96a8db4",1,1,1,0,1,1,1,1,1,0,1,1,0,0,0,67
"Eupraxia Pharmaceuticals","https://www.notion.so/Eupraxia-Pharmaceuticals-240c6f799a338195b80cd3ac7a6f2825",1,1,1,0,1,1,1,1,1,0,1,1,0,0,0,67
"Aurinia Pharmaceuticals","https://www.notion.so/Aurinia-Pharmaceuticals-240c6f799a33818aa526ca1621f97465",1,1,1,1,1,1,1,0,1,0,1,1,0,0,0,67
"Chimp","https://www.notion.so/Chimp-240c6f799a3381fcbfebf9c49eb55e64",1,1,1,1,1,1,1,0,1,0,1,1,0,0,0,67
"Response Biomedical","https://www.notion.so/Response-Biomedical-240c6f799a3381e49425e8ea3ffbdba1",1,1,1,1,1,1,1,0,1,0,1,1,0,0,0,67
"Relic Entertainment","https://www.notion.so/Relic-Entertainment-240c6f799a338185b724cc5bfc9f81c9",1,1,1,1,1,1,1,0,1,0,1,1,0,0,0,67
"Bron Studios","https://www.notion.so/Bron-Studios-240c6f799a338143b57bede5f466a398",1,1,1,1,1,1,1,0,1,0,1,1,0,0,0,67
"Thunderbird Entertainment","https://www.notion.so/Thunderbird-Entertainment-240c6f799a3381ffbe3fc7d7c97fc191",1,1,1,1,1,1,1,0,1,0,1,1,0,0,0,67
"1Password","https://www.notion.so/1Password-240c6f799a338169b3bbf0b289a1a81c",1,1,1,0,1,1,1,1,1,0,1,1,0,0,0,67
"Manzil","https://www.notion.so/Manzil-240c6f799a33812681caf2733076e237",1,1,1,0,1,1,1,1,1,0,1,1,0,0,0,67
"Tenstorrent","https://www.notion.so/Tenstorrent-240c6f799a338145a710c943a5fee40f",1,1,1,0,1,1,1,1,1,0,1,1,0,0,0,67
"A&K Robotics","https://www.notion.so/A-K-Robotics-240c6f799a3381b59754d589e8a3ae18",1,1,1,0,1,1,1,1,1,0,1,1,0,0,0,67
"ModeMagic","https://www.notion.so/ModeMagic-240c6f799a338144beb7ed68c238b2f6",1,1,1,0,1,1,1,1,1,0,1,1,0,0,0,67
"Mogo","https://www.notion.so/Mogo-240c6f799a33818ca54fff1e2c9c5fe6",1,1,0,0,1,1,1,1,1,0,1,1,0,0,1,67
"HealthTech Connex","https://www.notion.so/HealthTech-Connex-240c6f799a338158aad6fcb1e569c6fd",1,0,1,1,1,1,1,1,1,0,1,1,0,0,0,67
"Tasktop","https://www.notion.so/Tasktop-240c6f799a3381acb9ebe0a1b540af8d",1,1,0,0,1,1,1,1,1,1,1,1,0,0,0,67
"Thinkific","https://www.notion.so/Thinkific-240c6f799a338147beede0df8d0c74fc",1,1,0,0,1,1,1,1,1,1,1,1,0,0,0,67
"Minerva Intelligence","https://www.notion.so/Minerva-Intelligence-240c6f799a33815b9c2bde11e9dc0aac",1,1,0,0,1,1,1,1,1,1,1,1,0,0,0,67
"Riipen","https://www.notion.so/Riipen-23fc6f799a3381148831f6860381867d",1,1,1,1,1,1,0,0,1,0,1,0,1,1,0,67
"Felix","https://www.notion.so/Felix-23fc6f799a3381089cd5c0553179881b",1,1,1,1,1,1,0,0,1,0,1,0,1,1,0,67
"GreenMeter AI","https://www.notion.so/GreenMeter-AI-23fc6f799a33819c8e7bf51b33bdbd16",1,1,1,0,1,1,1,0,1,0,1,0,1,1,0,67
"MarineAI Technologies","https://www.notion.so/MarineAI-Technologies-23fc6f799a338154ab55d07faddcc321",1,1,1,0,1,1,1,0,1,0,1,0,1,1,0,67
"18 Wheels Logistics","https://www.notion.so/18-Wheels-Logistics-23fc6f799a3381ed8769d0d02a96a329",1,0,1,1,1,1,1,0,1,0,1,0,1,1,0,67
"SandboxAQ (Good Chemistry Acquisition)","https://www.notion.so/SandboxAQ-Good-Chemistry-Acquisition-23fc6f799a3381a8991dfe1001776942",1,1,0,0,0,1,1,1,0,1,1,1,1,1,0,67
"Hugo Inc","https://www.notion.so/Hugo-Inc-23fc6f799a3381df94fdcb462dd55bdf",1,1,1,0,0,1,1,0,1,0,1,1,1,1,0,67
"Women in Machine Learning & Data Science (WiMLDS Vancouver)","https://www.notion.so/Women-in-Machine-Learning-Data-Science-WiMLDS-Vancouver-23dc6f799a338100a933dac23159a3b0",0,1,0,0,1,1,1,1,1,1,1,0,1,1,0,67
"Epsilon Venture Group","https://www.notion.so/Epsilon-Venture-Group-23dc6f799a3381bfbb08e6e85b32bac1",1,1,0,0,1,1,1,1,0,1,1,0,1,1,0,67
"Insight Global","https://www.notion.so/Insight-Global-23dc6f799a338155ae3ad66f1dc1962f",1,1,0,0,1,1,1,1,0,1,1,0,1,1,0,67
"Telus Ventures","https://www.notion.so/Telus-Ventures-23dc6f799a338190a6ebf0c5683c5548",1,1,0,0,1,1,1,1,0,1,1,0,1,1,0,67
"Leaders of Tomorrow Institute Inc.","https://www.notion.so/Leaders-of-Tomorrow-Institute-Inc-23dc6f799a3381e58eafc1fe8fbbad3d",1,0,0,0,1,1,1,1,1,1,1,0,1,1,0,67
"sphereishere","https://www.notion.so/sphereishere-23dc6f799a3381ad8704e633907fedc0",1,0,1,0,1,1,1,1,1,1,0,0,1,1,0,67
"BujiBui Inc.","https://www.notion.so/BujiBui-Inc-23dc6f799a3381299e9ee173ae212c56",1,0,0,0,1,1,1,1,1,1,1,0,1,1,0,67
"Scoop Robotix","https://www.notion.so/Scoop-Robotix-23dc6f799a33812a8281fc26880489c8",1,0,0,0,1,1,1,1,1,1,1,0,1,1,0,67
"Secur3D","https://www.notion.so/Secur3D-23dc6f799a33817595e4d47f67d82e1b",1,0,0,0,1,1,1,1,1,1,1,0,1,1,0,67
"XARIIA","https://www.notion.so/XARIIA-23dc6f799a338119a2cee4c14ad40b5a",1,0,0,0,1,1,1,1,1,1,1,0,1,1,0,67
"Artemisdata","https://www.notion.so/Artemisdata-23dc6f799a3381eb8091e3ab8403d7f9",1,0,0,0,1,1,1,1,1,1,1,0,1,1,0,67
"Optimate AI","https://www.notion.so/Optimate-AI-23dc6f799a3381c0842fcde8858275b8",1,0,0,0,1,1,1,1,1,1,1,0,1,1,0,67
"Damon","https://www.notion.so/Damon-23dc6f799a33815581cfce961fc1296b",1,0,0,0,1,1,1,1,1,1,1,0,1,1,0,67
"akche technologies inc","https://www.notion.so/akche-technologies-inc-23dc6f799a33819cb87ee98c56bd600e",1,0,0,0,1,1,1,1,1,1,1,0,1,1,0,67
"Artenal","https://www.notion.so/Artenal-23dc6f799a33816aba8ef02e22bb6389",1,0,0,0,1,1,1,1,1,1,1,0,1,1,0,67
"Neupeak","https://www.notion.so/Neupeak-23dc6f799a3381a7950eee1fc858a13c",1,0,0,0,1,1,1,1,1,1,1,0,1,1,0,67
"Implant Genius","https://www.notion.so/Implant-Genius-23dc6f799a338131a01dfe2435ae7c98",1,0,0,0,1,1,1,1,1,1,1,0,1,1,0,67
"GenerationsE","https://www.notion.so/GenerationsE-23dc6f799a33819eb904c87232c576ba",1,0,0,0,1,1,1,1,1,1,1,0,1,1,0,67
"Inofuse","https://www.notion.so/Inofuse-23dc6f799a33818bb5d1c3cd6a9e14ce",1,0,0,0,1,1,1,1,1,1,1,0,1,1,0,67
"Flutter Care","https://www.notion.so/Flutter-Care-23dc6f799a3381f69472eeb83c737642",1,0,0,0,1,1,1,1,1,1,1,0,1,1,0,67
"Scrubs Co-Pilot","https://www.notion.so/Scrubs-Co-Pilot-23dc6f799a3381a38c3ac7bc6bec42af",1,0,0,0,1,1,1,1,1,1,1,0,1,1,0,67
"Avicena AI","https://www.notion.so/Avicena-AI-23dc6f799a3381bdb6bee304d21bf50d",1,0,0,0,1,1,1,1,1,1,1,0,1,1,0,67
"ConcussionRx","https://www.notion.so/ConcussionRx-23dc6f799a338132b8a7f0e92c00ba6e",1,0,0,0,1,1,1,1,1,1,1,0,1,1,0,67
"Arca","https://www.notion.so/Arca-23dc6f799a33811f8d15ef67d8ebc591",1,0,0,0,1,1,1,1,1,1,1,0,1,1,0,67
"Animikii Indigenous Technology Inc","https://www.notion.so/Animikii-Indigenous-Technology-Inc-23dc6f799a33814d9f8bcccfc1b2f434",1,0,0,0,1,1,1,1,1,1,1,0,1,1,0,67
"AIM Lab (Artificial Intelligence in Medicine Lab)","https://www.notion.so/AIM-Lab-Artificial-Intelligence-in-Medicine-Lab-23dc6f799a3381c5ba86fbc5e2051f65",1,0,0,0,1,1,1,1,1,1,1,0,1,1,0,67
"Persistent Systems","https://www.notion.so/Persistent-Systems-23dc6f799a33812ab731f12a47839f7c",1,1,0,0,1,1,1,1,0,1,1,0,1,1,0,67
"Wayve","https://www.notion.so/Wayve-23dc6f799a3381f19e1cff4989b34112",1,1,0,0,1,1,1,1,0,1,1,0,1,1,0,67
"3DentAI","https://www.notion.so/3DentAI-23dc6f799a3381e0af85d21b4e1ce784",1,0,0,0,1,1,1,1,1,1,1,0,1,1,0,67
"AI for Ecommerce Non-Profit Society","https://www.notion.so/AI-for-Ecommerce-Non-Profit-Society-23dc6f799a3381e0a48dea0cb432a376",1,0,0,0,1,1,1,1,1,1,1,0,1,1,0,67
"Genesis AI Corp","https://www.notion.so/Genesis-AI-Corp-23dc6f799a3381599e94f79403c7f31e",1,0,0,0,1,1,1,1,1,1,1,0,1,1,0,67
"Meton.ai (UnlockLand parent company)","https://www.notion.so/Meton-ai-UnlockLand-parent-company-23dc6f799a3381c6982ac311a194070d",1,1,0,0,1,1,1,1,0,1,1,0,1,1,0,67
"ClearSpark AI","https://www.notion.so/ClearSpark-AI-23dc6f799a3381da91c9c89f305b9859",1,1,0,0,1,1,1,1,0,1,1,0,1,1,0,67
"BetterTable","https://www.notion.so/BetterTable-236c6f799a338197bad4d67850271c06",1,0,0,0,1,1,1,1,1,1,1,0,1,1,0,67
"SenseNet","https://www.notion.so/SenseNet-236c6f799a33819588cdcd49fcb892c3",1,0,0,0,1,1,1,1,1,1,1,0,1,1,0,67
"ThinkLabs AI","https://www.notion.so/ThinkLabs-AI-236c6f799a3381b08c0cfb94e425d88a",1,0,0,0,1,1,1,1,1,1,1,0,1,1,0,67
"Jetson","https://www.notion.so/Jetson-236c6f799a3381f1b28cdc1cf9487e0d",1,0,0,0,1,1,1,1,1,1,1,0,1,1,0,67
"Kensington Capital Partners","https://www.notion.so/Kensington-Capital-Partners-236c6f799a33815298fdedce1ecaa227",1,0,0,0,1,1,1,1,1,1,1,0,1,1,0,67
"Meta Vancouver","https://www.notion.so/Meta-Vancouver-1f7c6f799a338150aa24cadf9a13db14",1,1,0,0,1,1,1,1,0,1,1,0,1,1,0,67
"221A Node Library","https://www.notion.so/221A-Node-Library-1f0c6f799a3381f18537f88511a6dccd",1,1,0,1,1,1,1,1,0,0,1,0,1,1,0,67
"UBC Master of Data Science (MDS)","https://www.notion.so/UBC-Master-of-Data-Science-MDS-1f0c6f799a33819bba06c229403fb1a4",1,0,0,1,1,1,1,1,0,1,1,0,1,1,0,67
"AltaML (Vancouver)","https://www.notion.so/AltaML-Vancouver-1f0c6f799a338117805dd816bdc7150d",1,1,0,0,1,1,1,1,0,1,1,0,1,1,0,67
"Frontier Collective","https://www.notion.so/Frontier-Collective-1f0c6f799a33812f84b5dc405db01701",1,0,1,0,1,1,1,0,1,0,1,1,1,1,0,67
"VR/AR Association – Vancouver Chapter","https://www.notion.so/VR-AR-Association-Vancouver-Chapter-1f0c6f799a33816b8efdcb8624e70fdd",1,1,1,1,1,1,1,0,0,0,1,0,1,1,0,67
"MetaVRse","https://www.notion.so/MetaVRse-240c6f799a3381e98195d7fcbe4a68c7",1,1,1,1,1,1,1,1,1,0,1,1,0,0,0,73
"Corvus Energy","https://www.notion.so/Corvus-Energy-240c6f799a338117944bf16f17371048",1,1,1,1,1,1,1,1,1,0,1,1,0,0,0,73
"Bench Accounting","https://www.notion.so/Bench-Accounting-240c6f799a33810db29bef9ffb9b1448",1,1,1,1,1,1,1,1,1,0,1,1,0,0,0,73
"Unbounce","https://www.notion.so/Unbounce-240c6f799a3381509b32ff02f59cf619",1,1,1,1,1,1,1,1,1,0,1,1,0,0,0,73
"Properly","https://www.notion.so/Properly-240c6f799a338166ba45d1a733b3a2c5",1,1,1,1,1,1,1,1,1,0,1,1,0,0,0,73
"Rentberry","https://www.notion.so/Rentberry-240c6f799a33814db89fc5e0a63eb9ed",1,1,1,1,1,1,1,1,1,0,1,1,0,0,0,73
"Copperleaf Technologies","https://www.notion.so/Copperleaf-Technologies-240c6f799a33812a811fe3bfd542011c",1,1,1,1,1,1,1,1,1,0,1,1,0,0,0,73
"Symend","https://www.notion.so/Symend-240c6f799a33818b9b11d5f5da660793",1,1,1,1,1,1,1,1,1,0,1,1,0,0,0,73
"Clarius Mobile Health","https://www.notion.so/Clarius-Mobile-Health-240c6f799a338183be06ec5e56fab949",1,1,1,1,1,1,1,1,1,0,1,1,0,0,0,73
"Ballard Power Systems","https://www.notion.so/Ballard-Power-Systems-240c6f799a33810a85a5eb43eb957c8f",1,1,1,1,1,1,1,1,1,0,1,1,0,0,0,73
"Nymi","https://www.notion.so/Nymi-240c6f799a338103b406d9bd5d24ce18",1,1,1,1,1,1,1,1,1,0,1,1,0,0,0,73
"Xenon Pharmaceuticals","https://www.notion.so/Xenon-Pharmaceuticals-240c6f799a3381f0a30df62d25bcc9be",1,1,1,1,1,1,1,1,1,0,1,1,0,0,0,73
"Acuitas Therapeutics","https://www.notion.so/Acuitas-Therapeutics-240c6f799a3381efbe0de832f6cc8fa5",1,1,1,1,1,1,1,1,1,0,1,1,0,0,0,73
"Later","https://www.notion.so/Later-240c6f799a3381038167da533663fef3",1,1,1,1,1,1,1,1,1,0,1,1,0,0,0,73
"Article","https://www.notion.so/Article-240c6f799a33819e830ef212cabba53a",1,1,1,1,1,1,1,1,1,0,1,1,0,0,0,73
"Procurify","https://www.notion.so/Procurify-240c6f799a3381e4b5e4d3e039632bec",1,1,0,0,1,1,1,1,1,1,1,1,0,0,1,73
"Trulioo","https://www.notion.so/Trulioo-240c6f799a3381419a97edc6de36d550",1,1,0,0,1,1,1,1,1,1,1,1,0,0,1,73
"AI Community Conference - Vancouver","https://www.notion.so/AI-Community-Conference-Vancouver-23fc6f799a3381b1acfef0c48073ddf1",1,1,1,0,1,1,1,1,1,0,1,0,1,1,0,73
"Kardium","https://www.notion.so/Kardium-23fc6f799a33813183d7ecc0684531fd",1,1,1,1,1,1,0,0,1,0,1,1,1,1,0,73
"Athennian","https://www.notion.so/Athennian-23fc6f799a3381ec9b00e5350a21065d",1,1,1,1,1,1,0,0,1,0,1,1,1,1,0,73
"Clio","https://www.notion.so/Clio-23fc6f799a33818f81c1daa1fa1a2a5c",1,1,0,0,1,1,1,0,1,0,1,1,1,1,1,73
"Investment Agriculture Foundation of BC","https://www.notion.so/Investment-Agriculture-Foundation-of-BC-23fc6f799a338118a3dbc64044ece7c9",1,0,1,1,1,1,1,1,1,0,1,0,1,1,0,73
"West Vancouver Schools Cybersecurity AI Program","https://www.notion.so/West-Vancouver-Schools-Cybersecurity-AI-Program-23fc6f799a3381149186cd143a7d0bab",1,0,1,1,1,1,1,1,1,0,1,0,1,1,0,73
"Nirvanic Consciousness Technologies","https://www.notion.so/Nirvanic-Consciousness-Technologies-23fc6f799a338186a592f00d7e53f283",1,1,1,0,1,1,1,0,1,0,1,1,1,1,0,73
"Audette.io","https://www.notion.so/Audette-io-23fc6f799a3381f7ab73c96bd35cde2e",1,1,1,1,1,1,1,0,1,0,1,0,1,1,0,73
"Defang Software Labs","https://www.notion.so/Defang-Software-Labs-23fc6f799a3381868f0ee8b02eef3dc0",1,1,1,0,1,1,1,0,1,0,1,1,1,1,0,73
"Indiegraf","https://www.notion.so/Indiegraf-23fc6f799a33817fb1a1cf03fb8261ed",1,1,1,0,1,1,1,0,1,0,1,1,1,1,0,73
"MATT3R","https://www.notion.so/MATT3R-23fc6f799a33819fa7d4d3ba547c55dc",1,1,1,0,1,1,1,0,1,0,1,1,1,1,0,73
"MashUp Machine","https://www.notion.so/MashUp-Machine-23dc6f799a33814c8345fef4b40a6697",1,1,0,0,1,1,1,1,1,1,1,0,1,1,0,73
"Talentful.ai","https://www.notion.so/Talentful-ai-23dc6f799a338164a83cf0bc2d8071c7",1,1,0,0,1,1,1,1,1,1,1,0,1,1,0,73
"bots4impact","https://www.notion.so/bots4impact-23dc6f799a338145aec1ecc7c1545fec",1,1,0,0,1,1,1,1,1,1,1,0,1,1,0,73
"Juicey Turf","https://www.notion.so/Juicey-Turf-23dc6f799a338149ba02df39efae8ca8",1,1,0,0,1,1,1,1,1,1,1,0,1,1,0,73
"Livnao Technologies","https://www.notion.so/Livnao-Technologies-23dc6f799a338112bed0cea9251776cf",1,1,0,0,1,1,1,1,1,1,1,0,1,1,0,73
"ARoster.com","https://www.notion.so/ARoster-com-23dc6f799a33814aa50fcc9e3d903770",1,1,0,0,1,1,1,1,1,1,1,0,1,1,0,73
"Flento app (by Acrostrong)","https://www.notion.so/Flento-app-by-Acrostrong-23dc6f799a3381fab173f06fc8eb85db",1,1,0,0,1,1,1,1,1,1,1,0,1,1,0,73
"SquareKnot Analytics","https://www.notion.so/SquareKnot-Analytics-23dc6f799a338118bbbcc4c6845dd68f",1,0,1,0,1,1,1,1,1,1,1,0,1,1,0,73
"CamDo Solutions Inc.","https://www.notion.so/CamDo-Solutions-Inc-23dc6f799a3381acb2aee2ae16e533f7",1,1,0,0,1,1,1,1,1,1,1,0,1,1,0,73
"Safety CLI Cybersecurity","https://www.notion.so/Safety-CLI-Cybersecurity-23dc6f799a338142a860f4edc5058562",1,0,1,0,1,1,1,1,1,1,1,0,1,1,0,73
"AI Home Optimizer","https://www.notion.so/AI-Home-Optimizer-23dc6f799a3381b78f07fb4132cff563",1,0,1,0,1,1,1,1,1,1,1,0,1,1,0,73
"Adopto","https://www.notion.so/Adopto-23dc6f799a33814d8e9fded8704cfdba",1,0,1,0,1,1,1,1,1,1,1,0,1,1,0,73
"Swipe Right App","https://www.notion.so/Swipe-Right-App-23dc6f799a3381e59701ed735281d85a",1,0,1,0,1,1,1,1,1,1,1,0,1,1,0,73
"Ringable AI","https://www.notion.so/Ringable-AI-23dc6f799a338116ba98e112febed2b5",1,0,1,0,1,1,1,1,1,1,1,0,1,1,0,73
"Prompt Genie","https://www.notion.so/Prompt-Genie-23dc6f799a338176ab6efaa7b6117bab",1,0,1,0,1,1,1,1,1,1,1,0,1,1,0,73
"LōD Technologies Inc.","https://www.notion.so/L-D-Technologies-Inc-23dc6f799a3381dc8137c5cefae032c8",1,0,1,0,1,1,1,1,1,1,1,0,1,1,0,73
"EPIC Semiconductors","https://www.notion.so/EPIC-Semiconductors-23dc6f799a338181b9d9cba6685bb81d",1,0,1,0,1,1,1,1,1,1,1,0,1,1,0,73
"Thynkli","https://www.notion.so/Thynkli-23dc6f799a338115b11ecf09506ea76e",1,0,1,0,1,1,1,1,1,1,1,0,1,1,0,73
"FansNetwork","https://www.notion.so/FansNetwork-23dc6f799a3381c8aeebdd68a7b8cead",1,0,1,0,1,1,1,1,1,1,1,0,1,1,0,73
"Blackout Media","https://www.notion.so/Blackout-Media-23dc6f799a33814dbcfec9226472778c",1,0,1,0,1,1,1,1,1,1,1,0,1,1,0,73
"1SecondPainting","https://www.notion.so/1SecondPainting-23dc6f799a33810fa61fd813454afa7b",1,0,1,0,1,1,1,1,1,1,1,0,1,1,0,73
"Flashee","https://www.notion.so/Flashee-23dc6f799a3381c4b67bc1db4ba889d3",1,0,1,0,1,1,1,1,1,1,1,0,1,1,0,73
"Caseway","https://www.notion.so/Caseway-23dc6f799a338155a137e76ee0bdcf89",1,0,1,0,1,1,1,1,1,1,1,0,1,1,0,73
"VRFY Inc.","https://www.notion.so/VRFY-Inc-23dc6f799a338148b08cec1001d1a0ab",1,0,1,0,1,1,1,1,1,1,1,0,1,1,0,73
"wewell ecosystem","https://www.notion.so/wewell-ecosystem-23dc6f799a338137a8fad3cc786002f4",1,0,1,0,1,1,1,1,1,1,1,0,1,1,0,73
"CodeMaker AI Inc.","https://www.notion.so/CodeMaker-AI-Inc-23dc6f799a33817e8791ca6b2c990bcc",1,0,1,0,1,1,1,1,1,1,1,0,1,1,0,73
"Automate.","https://www.notion.so/Automate-23dc6f799a33810b8ae4eb150b5391de",1,0,1,0,1,1,1,1,1,1,1,0,1,1,0,73
"OneTask","https://www.notion.so/OneTask-REDACTED-PLACEHOLDER",1,0,1,0,1,1,1,1,1,1,1,0,1,1,0,73
"Swae","https://www.notion.so/Swae-23dc6f799a3381b2a73ede88592542bb",1,0,1,0,1,1,1,1,1,1,1,0,1,1,0,73
"Topicflow","https://www.notion.so/Topicflow-23dc6f799a3381dba5b5fe657cf24a7e",1,0,0,1,1,1,1,1,1,1,1,0,1,1,0,73
"Binta Financial","https://www.notion.so/Binta-Financial-23dc6f799a3381dfa80bef732d3252ae",1,0,0,1,1,1,1,1,1,1,1,0,1,1,0,73
"SparkGeo","https://www.notion.so/SparkGeo-23dc6f799a338109b2f7fc7550113a58",1,1,0,0,1,1,1,1,1,1,1,0,1,1,0,73
"Noratek Solutions","https://www.notion.so/Noratek-Solutions-23dc6f799a3381c7bd3fd41c5e477c8a",1,0,1,1,1,1,1,1,0,1,1,0,1,1,0,73
"OnDeck Fisheries","https://www.notion.so/OnDeck-Fisheries-23dc6f799a338174aae7fe9f78dc3b68",1,0,1,0,1,1,1,1,1,1,1,0,1,1,0,73
"Machine Learning Group - SFU","https://www.notion.so/Machine-Learning-Group-SFU-23dc6f799a3381b388aadf00b3f55dc0",1,0,1,0,1,1,1,1,1,1,1,0,1,1,0,73
"Trustworthy AI Lab - SFU","https://www.notion.so/Trustworthy-AI-Lab-SFU-23dc6f799a3381728f00f4ac9b83fcb7",1,0,1,0,1,1,1,1,1,1,1,0,1,1,0,73
"PLAI (Pacific Laboratory for Artificial Intelligence) - UBC","https://www.notion.so/PLAI-Pacific-Laboratory-for-Artificial-Intelligence-UBC-23dc6f799a3381d2ad04d2f534f8b905",1,0,1,0,1,1,1,1,1,1,1,0,1,1,0,73
"Penny AI","https://www.notion.so/Penny-AI-23dc6f799a3381499c1ae0d819986dc7",1,1,0,0,1,1,1,1,1,1,1,0,1,1,0,73
"Fobi AI","https://www.notion.so/Fobi-AI-236c6f799a3381fd8838c21c1926cfc5",1,1,0,0,1,1,1,1,1,1,1,0,1,1,0,73
"Axiom Zen","https://www.notion.so/Axiom-Zen-236c6f799a338112a451ee0f4b3548bb",1,1,0,0,1,1,1,1,1,1,1,0,1,1,0,73
"Softmax Data Inc.","https://www.notion.so/Softmax-Data-Inc-236c6f799a3381309b64f99f00788053",1,0,1,0,1,1,1,1,1,1,1,0,1,1,0,73
"ASC Creative Ltd.","https://www.notion.so/ASC-Creative-Ltd-236c6f799a338157818ec892b8d2b40e",1,0,1,1,1,1,1,1,0,1,1,0,1,1,0,73
"Altitude Business Intelligence","https://www.notion.so/Altitude-Business-Intelligence-236c6f799a338117947de3633d8ab08a",1,0,1,0,1,1,1,1,1,1,1,0,1,1,0,73
"Amplitude Ventures","https://www.notion.so/Amplitude-Ventures-236c6f799a33812c8ddaf2a2c8da0035",1,0,1,1,1,1,1,1,0,1,1,0,1,1,0,73
"Brightspark Ventures","https://www.notion.so/Brightspark-Ventures-236c6f799a33813c8fb6c152bac10be0",1,0,1,0,1,1,1,1,0,1,1,1,1,1,0,73
"SAP Canada (Vancouver)","https://www.notion.so/SAP-Canada-Vancouver-1f7c6f799a33816ab2f7edc1e28485d6",1,1,0,1,1,1,1,1,0,1,1,0,1,1,0,73
"Unity Technologies (Vancouver)","https://www.notion.so/Unity-Technologies-Vancouver-1f7c6f799a33811cbfdec38f8b469ac3",0,1,1,1,1,1,1,1,0,1,1,0,1,1,0,73
"Google Vancouver","https://www.notion.so/Google-Vancouver-1f7c6f799a338129b45ed8ced630179c",1,0,1,0,1,1,1,1,1,1,1,0,1,1,0,73
"MineSense","https://www.notion.so/MineSense-1f1c6f799a3381ec8b8fd9732ccaa47f",1,1,0,0,1,1,1,1,1,1,1,0,1,1,0,73
"SFU's Digital Democracies Institute","https://www.notion.so/SFU-s-Digital-Democracies-Institute-1f0c6f799a33812c9045d15b0693c76f",1,1,0,0,1,1,1,1,0,1,1,1,1,1,0,73
"TELUS Data & AI Initiatives","https://www.notion.so/TELUS-Data-AI-Initiatives-1f0c6f799a3381a191d2ee02caeabfe2",1,1,0,1,1,1,1,1,0,1,1,0,1,1,0,73
"BC Tech Association","https://www.notion.so/BC-Tech-Association-1f0c6f799a3381619b56d60856022333",1,1,1,0,1,1,1,0,1,0,1,1,1,1,0,73
"Appnovation","https://www.notion.so/Appnovation-240c6f799a338150a237c55332a2d061",1,1,1,1,1,1,1,1,1,1,1,1,0,0,0,80
"STEMCELL Technologies","https://www.notion.so/STEMCELL-Technologies-240c6f799a33817d898ffc94ede14e55",1,1,1,1,1,1,1,1,1,1,1,1,0,0,0,80
"BC Centre for Innovation and Clean Energy","https://www.notion.so/BC-Centre-for-Innovation-and-Clean-Energy-23fc6f799a338136b651fed831c1c8a8",1,1,1,0,1,1,1,1,1,0,1,1,1,1,0,80
"InBC Life Sciences Investment Fund","https://www.notion.so/InBC-Life-Sciences-Investment-Fund-23fc6f799a33812e85dfd82e9c1b44c1",1,1,1,0,1,1,1,1,1,0,1,1,1,1,0,80
"BCSC RegTech Sandbox","https://www.notion.so/BCSC-RegTech-Sandbox-23fc6f799a33811d929af5ef3ad03969",1,1,1,0,1,1,1,1,1,0,1,1,1,1,0,80
"Pano AI BC","https://www.notion.so/Pano-AI-BC-23fc6f799a3381779069d3d249dfff5b",1,1,1,0,1,1,1,1,1,0,1,1,1,1,0,80
"PacifiCan Regional Artificial Intelligence Initiative","https://www.notion.so/PacifiCan-Regional-Artificial-Intelligence-Initiative-23fc6f799a3381598654caf7c9e5006e",1,1,1,0,1,1,1,1,1,0,1,1,1,1,0,80
"Dapper Labs","https://www.notion.so/Dapper-Labs-23fc6f799a3381929d2fe1c3d5f4a2a9",1,1,1,0,1,1,1,0,1,0,1,1,1,1,1,80
"MiningTech North America","https://www.notion.so/MiningTech-North-America-23fc6f799a338178a4f4c8dd6581afb2",1,1,1,1,1,1,1,1,1,0,1,0,1,1,0,80
"Flytographer","https://www.notion.so/Flytographer-23fc6f799a3381289d7ecc6d58d9cd0c",1,1,1,1,1,1,1,0,1,0,1,1,1,1,0,80
"Barnacle Systems","https://www.notion.so/Barnacle-Systems-23fc6f799a33818d8e80f8ea7d3f696c",1,1,1,1,1,1,1,0,1,0,1,1,1,1,0,80
"AI Scout Solutions","https://www.notion.so/AI-Scout-Solutions-23dc6f799a3381e2b265c16c8b8d3181",1,1,1,0,1,1,1,1,1,1,1,0,1,1,0,80
"Kanooq Industries Inc.","https://www.notion.so/Kanooq-Industries-Inc-23dc6f799a33817197adfcff2baf0a58",1,1,1,0,1,1,1,1,1,1,1,0,1,1,0,80
"Anodyne Chemistries","https://www.notion.so/Anodyne-Chemistries-23dc6f799a3381a7a907daaca0f08b42",1,1,1,0,1,1,1,1,1,1,1,0,1,1,0,80
"Arrowsmith Genetics","https://www.notion.so/Arrowsmith-Genetics-23dc6f799a3381f9ad4cf530031c9f51",1,1,1,0,1,1,1,1,1,1,1,0,1,1,0,80
"Canexia Health","https://www.notion.so/Canexia-Health-23dc6f799a33815b9fddfe8347058ffa",1,1,1,0,1,1,1,1,1,1,1,0,1,1,0,80
"Nytilus Inc","https://www.notion.so/Nytilus-Inc-23dc6f799a3381bf8f0bfe9c052a7df9",1,1,1,0,1,1,1,1,1,1,1,0,1,1,0,80
"7Gen","https://www.notion.so/7Gen-23dc6f799a33819b895cd661b62a0131",1,1,1,0,1,1,1,1,1,1,1,0,1,1,0,80
"Photonic Inc","https://www.notion.so/Photonic-Inc-23dc6f799a33815e9c0fffd40ad3f266",1,1,0,0,1,1,1,1,1,1,1,1,1,1,0,80
"Digitalist North America","https://www.notion.so/Digitalist-North-America-23dc6f799a33811d81a8f434f2b07cd7",1,1,1,0,1,1,1,1,1,1,1,0,1,1,0,80
"Venovis","https://www.notion.so/Venovis-23dc6f799a3381618abfc8832818bd4b",1,1,0,0,1,1,1,1,1,1,1,1,1,1,0,80
"Steamclock Software","https://www.notion.so/Steamclock-Software-23dc6f799a33810b8529ea4777c521dc",1,1,1,0,1,1,1,1,1,1,1,0,1,1,0,80
"WillowTree®","https://www.notion.so/WillowTree-23dc6f799a3381de9b78e0f32293ced2",1,1,1,1,1,1,1,1,0,1,1,0,1,1,0,80
"FTSY","https://www.notion.so/FTSY-23dc6f799a3381408403e09bb69985d4",1,1,1,0,1,1,1,1,1,1,1,0,1,1,0,80
"Autonopia","https://www.notion.so/Autonopia-23dc6f799a3381e4962ce83f565b80b8",1,1,0,0,1,1,1,1,1,1,1,1,1,1,0,80
"Glance Technologies","https://www.notion.so/Glance-Technologies-23dc6f799a338144b577f891fdc60ff3",1,1,1,0,1,1,1,1,1,1,1,0,1,1,0,80
"SHADE.ai","https://www.notion.so/SHADE-ai-23dc6f799a3381e2a85de2a0d3f4b05a",1,1,1,0,1,1,1,1,1,1,1,0,1,1,0,80
"AntEater","https://www.notion.so/AntEater-23dc6f799a3381a5864bfc8e055e7ae7",1,1,1,0,1,1,1,1,1,1,1,0,1,1,0,80
"Lambda Science","https://www.notion.so/Lambda-Science-23dc6f799a33811eaabdc0551d8c4da4",1,1,1,0,1,1,1,1,1,1,1,0,1,1,0,80
"FYBR","https://www.notion.so/FYBR-23dc6f799a3381b1952efb96975ac056",1,1,0,1,1,1,1,1,1,1,1,0,1,1,0,80
"TalentMarketplace","https://www.notion.so/TalentMarketplace-23dc6f799a338180946de027f77f5721",1,1,1,0,1,1,1,1,1,1,1,0,1,1,0,80
"Caliber Data Labs","https://www.notion.so/Caliber-Data-Labs-23dc6f799a3381dc8a04ce37d64da482",1,1,0,1,1,1,1,1,1,1,1,0,1,1,0,80
"Evolve Biologix","https://www.notion.so/Evolve-Biologix-23dc6f799a3381268d45e384a2dddef6",1,1,0,1,1,1,1,1,1,1,1,0,1,1,0,80
"Diabits","https://www.notion.so/Diabits-23dc6f799a3381409e00eaddbb188205",1,1,0,1,1,1,1,1,1,1,1,0,1,1,0,80
"CareCru","https://www.notion.so/CareCru-23dc6f799a3381618ad6fd2f7d4777ab",1,1,1,0,1,1,1,1,1,1,1,0,1,1,0,80
"Sports Iq Analytics","https://www.notion.so/Sports-Iq-Analytics-23dc6f799a3381b5a6c5f9881d713228",1,1,1,0,1,1,1,1,1,1,1,0,1,1,0,80
"Strategybox","https://www.notion.so/Strategybox-23dc6f799a3381c4ab6ed5054a76ea73",1,1,1,0,1,1,1,1,1,1,1,0,1,1,0,80
"Scanbo","https://www.notion.so/Scanbo-23dc6f799a33811a82c7fbdde4cbfe8a",1,1,1,0,1,1,1,1,1,1,1,0,1,1,0,80
"Blockmint","https://www.notion.so/Blockmint-23dc6f799a3381dbaf41c09c08abf9d7",1,1,1,0,1,1,1,1,1,1,1,0,1,1,0,80
"Advize","https://www.notion.so/Advize-23dc6f799a33811db460d2c8f341a7f4",1,1,1,0,1,1,1,1,1,1,1,0,1,1,0,80
"Viewpoint Ai","https://www.notion.so/Viewpoint-Ai-23dc6f799a338103a5edf5fff8b87864",1,1,1,0,1,1,1,1,1,1,1,0,1,1,0,80
"Xtract Ai","https://www.notion.so/Xtract-Ai-23dc6f799a338157b566d30d584bf312",1,1,1,0,1,1,1,1,1,1,1,0,1,1,0,80
"Onecup Ai","https://www.notion.so/Onecup-Ai-23dc6f799a338181b5c1fa5d120a9ced",1,1,1,0,1,1,1,1,1,1,1,0,1,1,0,80
"Women Love Herbs","https://www.notion.so/Women-Love-Herbs-23dc6f799a3381eb8293f13d82a2d6d6",1,0,1,1,1,1,1,1,1,1,1,0,1,1,0,80
"Intuitive AI.","https://www.notion.so/Intuitive-AI-23dc6f799a33818aaa9bcb38dcd9e128",1,0,1,1,1,1,1,1,1,1,1,0,1,1,0,80
"Spheria","https://www.notion.so/Spheria-23dc6f799a3381ffa275e37861d38a9f",1,0,1,1,1,1,1,1,1,1,1,0,1,1,0,80
"Spexi","https://www.notion.so/Spexi-23dc6f799a33816b9b43cb5df605806d",1,0,1,1,1,1,1,1,1,1,1,0,1,1,0,80
"ThisFish Inc.","https://www.notion.so/ThisFish-Inc-23dc6f799a338130951df18d4351d61c",1,0,1,0,1,1,1,1,1,1,1,1,1,1,0,80
"VodaSafe","https://www.notion.so/VodaSafe-23dc6f799a338144a550fab0fd4a4546",1,0,1,1,1,1,1,1,1,1,1,0,1,1,0,80
"Properti Edge Solutions","https://www.notion.so/Properti-Edge-Solutions-23dc6f799a3381488ad7d0fe2a41e2ba",1,1,1,0,1,1,1,1,1,1,1,0,1,1,0,80
"Djobzy","https://www.notion.so/Djobzy-23dc6f799a3381e4b8aed24935abb9b5",1,0,1,1,1,1,1,1,1,1,1,0,1,1,0,80
"Plasmatic Technologies Inc.","https://www.notion.so/Plasmatic-Technologies-Inc-23dc6f799a33814c9c60faaeed5a4cc6",1,0,1,1,1,1,1,1,1,1,1,0,1,1,0,80
"Plantiga Technologies Inc","https://www.notion.so/Plantiga-Technologies-Inc-23dc6f799a3381f196e2cd554411b7c7",1,0,1,1,1,1,1,1,1,1,1,0,1,1,0,80
"Legible Media Inc.","https://www.notion.so/Legible-Media-Inc-23dc6f799a338191b310c26f6ddda472",1,0,1,1,1,1,1,1,1,1,1,0,1,1,0,80
"Picovoice","https://www.notion.so/Picovoice-23dc6f799a338133847efbf0e5c3b6fe",1,1,1,0,1,1,1,1,1,1,1,0,1,1,0,80
"Cifra","https://www.notion.so/Cifra-23dc6f799a338174a45df6841d03a6c4",1,0,1,1,1,1,1,1,1,1,1,0,1,1,0,80
"Spring Activator","https://www.notion.so/Spring-Activator-23dc6f799a338194bf5dcbfce4c5e41b",1,0,1,0,1,1,1,1,1,1,1,1,1,1,0,80
"UVic Advanced Control and Intelligent Systems (ACIS) Lab","https://www.notion.so/UVic-Advanced-Control-and-Intelligent-Systems-ACIS-Lab-23dc6f799a338106811bcffb2abd4499",1,0,1,1,1,1,1,1,1,1,1,0,1,1,0,80
"Zymeworks","https://www.notion.so/Zymeworks-23dc6f799a33813d80e1d9a0ce2345a1",1,1,0,0,1,1,1,1,1,1,1,1,1,1,0,80
"CoPilot AI","https://www.notion.so/CoPilot-AI-23dc6f799a3381c48070f76878fd1555",1,0,0,0,1,1,1,1,1,1,1,1,1,1,1,80
"SkyHive","https://www.notion.so/SkyHive-23dc6f799a338153922bdf1d6b735b2f",1,1,0,0,1,1,1,1,1,1,1,1,1,1,0,80
"Inverted AI","https://www.notion.so/Inverted-AI-23dc6f799a33818b90b7d20efdd7fac5",1,1,1,0,1,1,1,1,1,1,1,0,1,1,0,80
"Niricson","https://www.notion.so/Niricson-23dc6f799a338119acbeeb4e9fe42ec4",1,1,1,0,1,1,1,1,1,1,1,0,1,1,0,80
"MarineLabs","https://www.notion.so/MarineLabs-23dc6f799a33813dab74f97001c15892",1,1,1,0,1,1,1,1,1,1,1,0,1,1,0,80
"VRIFY Technology","https://www.notion.so/VRIFY-Technology-23dc6f799a338139849fd286c118c02c",1,1,0,0,1,1,1,1,1,1,1,1,1,1,0,80
"EarthDaily Analytics","https://www.notion.so/EarthDaily-Analytics-236c6f799a3381d7a90be8a9cf642aae",1,1,1,1,1,1,1,1,0,1,1,0,1,1,0,80
"Adastra Corporation","https://www.notion.so/Adastra-Corporation-236c6f799a33810a89d0e201fb5a9f8a",1,1,0,1,1,1,1,1,1,1,1,0,1,1,0,80
"Kai Analytics International","https://www.notion.so/Kai-Analytics-International-236c6f799a338180b3b3c6c03a8f9b27",1,1,1,1,1,1,1,1,0,1,1,0,1,1,0,80
"SFU Computing Science & Creative AI Labs","https://www.notion.so/SFU-Computing-Science-Creative-AI-Labs-1f8c6f799a3381a99538f2ef0484b2a0",1,0,1,1,1,1,1,1,1,1,1,0,1,1,0,80
"Planview (Vancouver)","https://www.notion.so/Planview-Vancouver-1f8c6f799a3381e8a551d1572b959831",1,1,1,1,1,1,1,1,0,1,1,0,1,1,0,80
"Teck Resources & AltaML Applied AI Lab","https://www.notion.so/Teck-Resources-AltaML-Applied-AI-Lab-1f7c6f799a3381a7a857d822d2990e70",1,1,1,1,1,1,1,1,0,1,1,0,1,1,0,80
"IBM Vancouver","https://www.notion.so/IBM-Vancouver-1f7c6f799a338148898fc017d396b11f",1,1,1,1,1,1,1,1,0,1,1,0,1,1,0,80
"Cisco Systems (Vancouver)","https://www.notion.so/Cisco-Systems-Vancouver-1f7c6f799a33815897eff79713a73b03",1,1,1,1,1,1,1,1,0,1,1,0,1,1,0,80
"Animikii","https://www.notion.so/Animikii-1f1c6f799a33810a90d9e27a8a97a2b0",0,1,1,1,1,1,1,1,0,1,1,1,1,1,0,80
"Vancouver Tech Journal","https://www.notion.so/Vancouver-Tech-Journal-1f0c6f799a33814d97d3da38d5f56edb",1,1,1,1,1,1,1,0,0,1,1,1,1,1,0,80
"Vanedge Capital","https://www.notion.so/Vanedge-Capital-1f0c6f799a33812a919ddc64fa9df827",1,1,0,0,1,1,1,1,1,1,1,1,1,1,0,80
"Launch Academy","https://www.notion.so/Launch-Academy-1f0c6f799a33816eb041d6e6ac5cd621",1,1,1,1,1,1,1,0,1,0,1,1,1,1,0,80
"Life Sciences BC (LSBC)","https://www.notion.so/Life-Sciences-BC-LSBC-1f0c6f799a3381fb8860e5972ef35fda",1,1,1,1,1,1,1,0,1,0,1,1,1,1,0,80
"Law Society of BC AI Ethics Program","https://www.notion.so/Law-Society-of-BC-AI-Ethics-Program-23fc6f799a3381de8010f35a21a8f4e3",1,1,1,1,1,1,1,1,1,0,1,1,1,1,0,87
"Leasey.AI","https://www.notion.so/Leasey-AI-23fc6f799a3381b59314fe3df8ab6f2c",1,1,1,1,1,1,1,1,1,0,1,1,1,1,0,87
"Payday","https://www.notion.so/Payday-23dc6f799a3381419873e765870f13ea",1,1,1,0,1,1,1,1,1,1,1,1,1,1,0,87
"Browse AI","https://www.notion.so/Browse-AI-23dc6f799a338139a460d403a9538e08",1,1,1,0,1,1,1,1,1,1,1,1,1,1,0,87
"Bell Canada AI Data Centre Kamloops","https://www.notion.so/Bell-Canada-AI-Data-Centre-Kamloops-23dc6f799a33816097e5d41c6d84badb",1,1,0,1,1,1,1,1,1,1,1,1,1,1,0,87
"MoogleLabs","https://www.notion.so/MoogleLabs-23dc6f799a338197be38d6a92ea4412b",1,1,1,1,1,1,1,1,1,1,1,0,1,1,0,87
"AIEX","https://www.notion.so/AIEX-23dc6f799a3381a9bb63e9e24158ed69",1,1,1,1,1,1,1,1,1,1,1,0,1,1,0,87
"Nexera Robotics","https://www.notion.so/Nexera-Robotics-23dc6f799a3381afbf3ed640e16fd8f7",1,1,1,0,1,1,1,1,1,1,1,1,1,1,0,87
"AbCellera Biologics","https://www.notion.so/AbCellera-Biologics-23dc6f799a3381d08914ffcdc86b1700",1,1,0,0,1,1,1,1,1,1,1,1,1,1,1,87
"BC + AI Ecosystem Association","https://www.notion.so/BC-AI-Ecosystem-Association-23dc6f799a33813a87cadb616da00740",1,1,1,0,1,1,1,1,1,1,1,1,1,1,0,87
"Kindred","https://www.notion.so/Kindred-23dc6f799a3381fba273dd8afaa06e0b",1,1,1,0,1,1,1,1,1,1,1,1,1,1,0,87
"Innovate BC","https://www.notion.so/Innovate-BC-23dc6f799a33813a9d4dd8d40eb0bf50",1,1,1,0,1,1,1,1,1,1,1,1,1,1,0,87
"PacifiCan AI Initiative","https://www.notion.so/PacifiCan-AI-Initiative-23dc6f799a338181ab90c9bf9cec8e9c",1,1,1,1,1,1,1,1,1,1,1,0,1,1,0,87
"pH7 Technologies","https://www.notion.so/pH7-Technologies-23dc6f799a3381bb96e3d8390bfd4c73",1,1,1,0,1,1,1,1,1,1,1,1,1,1,0,87
"Lite-1","https://www.notion.so/Lite-1-23dc6f799a33818f96f7f943931eb7a8",1,1,1,1,1,1,1,1,1,1,1,0,1,1,0,87
"Aqua Intelligent","https://www.notion.so/Aqua-Intelligent-23dc6f799a33813090b1e4812c4b7cd9",1,1,1,0,1,1,1,1,1,1,1,1,1,1,0,87
"SmartParent Mobile Health Inc","https://www.notion.so/SmartParent-Mobile-Health-Inc-23dc6f799a3381d2b750fd46603b62e1",1,1,1,0,1,1,1,1,1,1,1,1,1,1,0,87
"Amphoraxe Life Sciences Inc","https://www.notion.so/Amphoraxe-Life-Sciences-Inc-23dc6f799a3381579dc5ee78f5fd0321",1,1,1,0,1,1,1,1,1,1,1,1,1,1,0,87
"HomeCourt/NEX Team","https://www.notion.so/HomeCourt-NEX-Team-23dc6f799a3381f8af32d4cd0226188a",1,1,1,1,1,1,1,1,1,1,1,0,1,1,0,87
"Ekona Power","https://www.notion.so/Ekona-Power-23dc6f799a3381f1bc21d079942ed916",1,1,1,0,1,1,1,1,1,1,1,1,1,1,0,87
"Ekohe","https://www.notion.so/Ekohe-23dc6f799a33811a83e1c0c82b9e849d",1,1,1,1,1,1,1,1,1,1,1,0,1,1,0,87
"Improving","https://www.notion.so/Improving-23dc6f799a338117bcb4c3df7786beac",1,1,1,1,1,1,1,1,1,1,1,0,1,1,0,87
"IT Kapital","https://www.notion.so/IT-Kapital-23dc6f799a33812192f5c9c7d6ead3d1",1,1,1,1,1,1,1,1,1,1,1,0,1,1,0,87
"ValueLabs","https://www.notion.so/ValueLabs-23dc6f799a3381079e94eb0d7bad78a5",1,1,1,1,1,1,1,1,1,1,1,0,1,1,0,87
"Denologix","https://www.notion.so/Denologix-23dc6f799a3381b585bcc1c7760e9cde",1,1,1,1,1,1,1,1,1,1,1,0,1,1,0,87
"Compression.ai","https://www.notion.so/Compression-ai-23dc6f799a3381e383fef975f55614f8",1,1,1,1,1,1,1,1,1,1,1,0,1,1,0,87
"Growlyn","https://www.notion.so/Growlyn-23dc6f799a338146a4bbf289226a1c22",1,1,1,0,1,1,1,1,1,1,1,1,1,1,0,87
"Eli Report","https://www.notion.so/Eli-Report-23dc6f799a33819086b1c0f16fd86d82",1,1,1,1,1,1,1,1,1,1,1,0,1,1,0,87
"Sentient","https://www.notion.so/Sentient-23dc6f799a3381578931f46f8cf77e63",1,1,1,0,1,1,1,1,1,1,1,1,1,1,0,87
"DeepND","https://www.notion.so/DeepND-23dc6f799a33817db682c17db865e7aa",1,1,1,1,1,1,1,1,1,1,1,0,1,1,0,87
"Theory+Practice","https://www.notion.so/Theory-Practice-23dc6f799a33818dbe34c0fde5433f6c",1,1,1,1,1,1,1,1,1,1,1,0,1,1,0,87
"FIRMOGRAM","https://www.notion.so/FIRMOGRAM-23dc6f799a3381d39a64c608275ab2b5",1,1,1,1,1,1,1,1,1,1,1,0,1,1,0,87
"Motion Metrics","https://www.notion.so/Motion-Metrics-23dc6f799a33819eb542c86bd5875c22",1,1,1,1,1,1,1,1,1,1,1,0,1,1,0,87
"Warranty Life","https://www.notion.so/Warranty-Life-23dc6f799a338187a111d4478a735ead",1,1,1,1,1,1,1,1,1,1,1,0,1,1,0,87
"Thinkcx","https://www.notion.so/Thinkcx-23dc6f799a33813a9711dfb60aac7eee",1,1,1,1,1,1,1,1,1,1,1,0,1,1,0,87
"Mintent","https://www.notion.so/Mintent-23dc6f799a33816c8552eaaeebd3073a",1,1,1,1,1,1,1,1,1,1,1,0,1,1,0,87
"Disrupted Logic","https://www.notion.so/Disrupted-Logic-23dc6f799a3381c6a0f0c9a851d29e42",1,1,1,1,1,1,1,1,1,1,1,0,1,1,0,87
"Nextwave Software","https://www.notion.so/Nextwave-Software-23dc6f799a33814a85f1e13a5ddb5a31",1,1,1,1,1,1,1,1,1,1,1,0,1,1,0,87
"Illusense","https://www.notion.so/Illusense-23dc6f799a33813291d8f224a75c315b",1,1,1,1,1,1,1,1,1,1,1,0,1,1,0,87
"Scopemedia","https://www.notion.so/Scopemedia-23dc6f799a33812fa992d3d1a74f9772",1,1,1,1,1,1,1,1,1,1,1,0,1,1,0,87
"Wavo","https://www.notion.so/Wavo-23dc6f799a3381a89759ebab8088ef2e",1,1,1,1,1,1,1,1,1,1,1,0,1,1,0,87
"Ehsai","https://www.notion.so/Ehsai-23dc6f799a3381da85bada25185110a4",1,1,1,1,1,1,1,1,1,1,1,0,1,1,0,87
"Inp Capital","https://www.notion.so/Inp-Capital-23dc6f799a33815f8c87cef013414d04",1,1,1,1,1,1,1,1,1,1,1,0,1,1,0,87
"Skylab Technologies","https://www.notion.so/Skylab-Technologies-23dc6f799a3381bb8b97c9890a34148d",1,1,1,0,1,1,1,1,1,1,1,1,1,1,0,87
"Olive","https://www.notion.so/Olive-23dc6f799a338175abc2c27ff5b33e1c",1,1,1,1,1,1,1,1,1,1,1,0,1,1,0,87
"Judi.ai","https://www.notion.so/Judi-ai-23dc6f799a3381728cd8c57add383203",1,1,1,1,1,1,1,1,1,1,1,0,1,1,0,87
"Intellabridge Technology Corporation","https://www.notion.so/Intellabridge-Technology-Corporation-23dc6f799a3381a79330fe6d0095bb50",1,1,1,1,1,1,1,1,1,1,1,0,1,1,0,87
"Pilot - pilotplans.com","https://www.notion.so/Pilot-pilotplans-com-23dc6f799a3381798f60e712928bccee",1,1,1,1,1,1,1,1,1,1,1,0,1,1,0,87
"4AG Robotics","https://www.notion.so/4AG-Robotics-23dc6f799a3381118ef7dfe49820a945",1,1,1,0,1,1,1,1,1,1,1,1,1,1,0,87
"Finn AI","https://www.notion.so/Finn-AI-23dc6f799a3381feaaa9fefd1df86fd8",1,1,0,0,1,1,1,1,1,1,1,1,1,1,1,87
"UnlockLand (Meton.ai product)","https://www.notion.so/UnlockLand-Meton-ai-product-23dc6f799a3381d8aca0c368ef30cc2c",1,1,1,0,1,1,1,1,1,1,1,1,1,1,0,87
"Bonsai Micro","https://www.notion.so/Bonsai-Micro-23dc6f799a338151ac13f3f183794ab3",1,1,1,0,1,1,1,1,1,1,1,1,1,1,0,87
"Lumen5","https://www.notion.so/Lumen5-23dc6f799a3381f5abffdb667664844c",1,1,1,0,1,1,1,1,1,1,1,1,1,1,0,87
"CRWN.ai","https://www.notion.so/CRWN-ai-23dc6f799a338110acf5df1449e5c2e5",1,1,1,1,1,1,1,1,1,1,1,0,1,1,0,87
"TerraSense Analytics","https://www.notion.so/TerraSense-Analytics-23dc6f799a3381ef9b77ef23d973151b",1,1,1,1,1,1,1,1,1,1,1,0,1,1,0,87
"Pani Energy","https://www.notion.so/Pani-Energy-23dc6f799a338173931ccaf7c2258588",1,1,1,1,1,1,1,1,1,1,1,0,1,1,0,87
"Levr.ai","https://www.notion.so/Levr-ai-23dc6f799a3381ba83f3c599ff16a137",1,1,1,1,1,1,1,1,1,1,1,0,1,1,0,87
"Quandri","https://www.notion.so/Quandri-23dc6f799a33819a9ad6dc566b773426",1,1,1,0,1,1,1,1,1,1,1,1,1,1,0,87
"Apera AI","https://www.notion.so/Apera-AI-23dc6f799a3381029b8bf6f988aae39f",1,1,0,1,1,1,1,1,1,1,1,1,1,1,0,87
"Voronoi Health Analytics","https://www.notion.so/Voronoi-Health-Analytics-236c6f799a3381129d5cfad7739366f5",1,1,1,1,1,1,1,1,1,1,1,0,1,1,0,87
"Zfort Group","https://www.notion.so/Zfort-Group-236c6f799a338191912ff54d701a7494",1,1,1,1,1,1,1,1,1,1,1,0,1,1,0,87
"IntLabs","https://www.notion.so/IntLabs-236c6f799a3381b5b8b2fdc7c52f567f",1,1,1,1,1,1,1,1,1,1,1,0,1,1,0,87
"Responsive AI","https://www.notion.so/Responsive-AI-236c6f799a3381c08941d7c6e2c500c6",1,1,1,1,1,1,1,1,1,1,1,0,1,1,0,87
"Silo AI Vancouver","https://www.notion.so/Silo-AI-Vancouver-227c6f799a3381e4bc60ea161cf5430e",1,1,1,0,1,1,1,1,1,1,1,1,1,1,0,87
"Visier","https://www.notion.so/Visier-227c6f799a338124ba25e73122d22c05",1,1,1,0,1,1,1,1,1,1,1,1,1,1,0,87
"AbCellera","https://www.notion.so/AbCellera-227c6f799a3381fea66bdf3fce90b557",1,1,1,0,1,1,1,1,1,1,1,1,1,1,0,87
"VIATEC AI Meetups","https://www.notion.so/VIATEC-AI-Meetups-1f8c6f799a33818a808be65be1a09646",1,1,1,1,1,1,1,1,1,1,1,0,1,1,0,87
"University of Victoria (UVic) AI Research","https://www.notion.so/University-of-Victoria-UVic-AI-Research-1f8c6f799a3381248fc6f0daabe7d0af",1,1,1,1,1,1,1,1,1,1,1,0,1,1,0,87
"1QBit","https://www.notion.so/1QBit-1f1c6f799a3381c7ae29e2dcd342789b",1,1,1,0,1,1,1,1,1,1,1,1,1,1,0,87
"Terramera","https://www.notion.so/Terramera-1f1c6f799a33818a8d2ff6800062366a",1,1,0,0,1,1,1,1,1,1,1,1,1,1,1,87
"Clir Renewables","https://www.notion.so/Clir-Renewables-1f0c6f799a3381249f4dfe642a3b116a",1,1,0,1,1,1,1,1,1,1,1,1,1,1,0,87
"First Nations Technology Council (FNTC)","https://www.notion.so/First-Nations-Technology-Council-FNTC-1f0c6f799a338184afeee90530a1f68b",1,1,0,1,1,1,1,1,1,1,1,1,1,1,0,87
"Artificial Intelligence Network of BC (AInBC)","https://www.notion.so/Artificial-Intelligence-Network-of-BC-AInBC-1f0c6f799a33816fb270fd4ca2e34fe8",1,1,1,0,1,1,1,1,1,1,1,1,1,1,0,87
"Aspect Biosystems","https://www.notion.so/Aspect-Biosystems-23fc6f799a3381309a24ef13cd5beb71",1,1,1,1,1,1,1,1,1,1,1,1,1,1,0,93
"Produce8","https://www.notion.so/Produce8-23dc6f799a3381188523f9f329627006",1,1,1,1,1,1,1,1,1,1,1,1,1,1,0,93
"RIVAL Technologies","https://www.notion.so/RIVAL-Technologies-23dc6f799a33812488f8d580eccd72ea",1,1,1,1,1,1,1,1,1,1,1,1,1,1,0,93
"Timezyx","https://www.notion.so/Timezyx-23dc6f799a33811d944afe3ba9ece32a",1,1,1,1,1,1,1,1,1,1,1,1,1,1,0,93
"Open Ocean Robotics","https://www.notion.so/Open-Ocean-Robotics-23dc6f799a3381fcb6e4dfc4347ed3f4",1,1,1,1,1,1,1,1,1,1,1,1,1,1,0,93
"Verdi Technologies","https://www.notion.so/Verdi-Technologies-23dc6f799a3381ddb188c19af7e02abc",1,1,1,1,1,1,1,1,1,1,1,1,1,1,0,93
"Digital Technology Supercluster","https://www.notion.so/Digital-Technology-Supercluster-23dc6f799a3381b6aa0dcba176a7845a",1,1,1,1,1,1,1,1,1,1,1,1,1,1,0,93
"Vancouver AI","https://www.notion.so/Vancouver-AI-23dc6f799a3381fd8d7fffa0e0e80d73",1,1,1,1,1,1,1,1,1,1,1,1,1,1,0,93
"Spare","https://www.notion.so/Spare-23dc6f799a3381ee8b58d03c352fda1d",1,1,1,1,1,1,1,1,1,1,1,1,1,1,0,93
"Orca Water","https://www.notion.so/Orca-Water-23dc6f799a33815d9b3ed97573a14b75",1,1,1,1,1,1,1,1,1,1,1,1,1,1,0,93
"CereCura Nanotherapeutics","https://www.notion.so/CereCura-Nanotherapeutics-23dc6f799a338166a83bcd73a0ce2ec1",1,1,1,1,1,1,1,1,1,1,1,1,1,1,0,93
"Rockburst Technologies","https://www.notion.so/Rockburst-Technologies-23dc6f799a3381268541d58095fcc84a",1,1,1,1,1,1,1,1,1,1,1,1,1,1,0,93
"Mangrove Lithium","https://www.notion.so/Mangrove-Lithium-23dc6f799a3381ad8e2bff525b18aef4",1,1,1,1,1,1,1,1,1,1,1,1,1,1,0,93
"Quantum Algorithms Institute","https://www.notion.so/Quantum-Algorithms-Institute-23dc6f799a3381dda3a2ddcdada377b4",1,1,1,1,1,1,1,1,1,1,1,1,1,1,0,93
"Iris Automation","https://www.notion.so/Iris-Automation-23dc6f799a338170be61e6d815033f01",1,1,1,1,1,1,1,1,1,1,1,1,1,1,0,93
"Wizard Labs","https://www.notion.so/Wizard-Labs-23dc6f799a3381949345db96aab72b1d",1,1,1,1,1,1,1,1,1,1,1,1,1,1,0,93
"deltAlyz Corp","https://www.notion.so/deltAlyz-Corp-23dc6f799a3381378cb4e08a336edbef",1,1,1,1,1,1,1,1,1,1,1,1,1,1,0,93
"MistyWest","https://www.notion.so/MistyWest-23dc6f799a33811385c5c4593c2b3ad5",1,1,1,1,1,1,1,1,1,1,1,1,1,1,0,93
"INTERSOG","https://www.notion.so/INTERSOG-23dc6f799a33817289b6ddc4875d7755",1,1,1,1,1,1,1,1,1,1,1,1,1,1,0,93
"Proto","https://www.notion.so/Proto-23dc6f799a3381bf85f3c4734b035202",1,1,1,1,1,1,1,1,1,1,1,1,1,1,0,93
"Youneeq","https://www.notion.so/Youneeq-23dc6f799a3381898263effee91956db",1,1,1,1,1,1,1,1,1,1,1,1,1,1,0,93
"Certn","https://www.notion.so/Certn-23dc6f799a3381d59356fed9bc525c1c",1,1,1,1,1,1,1,1,1,1,1,1,1,1,0,93
"Variational AI","https://www.notion.so/Variational-AI-23dc6f799a3381e0ba8ac5a48fc5b79b",1,1,1,1,1,1,1,1,1,1,1,1,1,1,0,93
"Charli AI","https://www.notion.so/Charli-AI-23dc6f799a33816ca13bcea35e8b96fe",1,1,1,1,1,1,1,1,1,1,1,1,1,1,0,93
"Novarc Technologies","https://www.notion.so/Novarc-Technologies-236c6f799a3381079520c1fa2a38a6a8",1,1,1,1,1,1,1,1,1,1,1,1,1,1,0,93
"Finger Food Advanced Technology Group","https://www.notion.so/Finger-Food-Advanced-Technology-Group-227c6f799a3381d79d31cc2fd8910412",1,1,1,1,1,1,1,1,1,1,1,1,1,1,0,93
"Microsoft Research Asia Vancouver","https://www.notion.so/Microsoft-Research-Asia-Vancouver-227c6f799a3381398c6bd68951892879",1,1,1,1,1,1,1,1,1,1,1,1,1,1,0,93
"Absolute Software Vancouver","https://www.notion.so/Absolute-Software-Vancouver-1f8c6f799a338105a6a6e70376f2fb61",1,1,1,1,1,1,1,1,1,1,1,1,1,1,0,93
"Two Hat Security","https://www.notion.so/Two-Hat-Security-1f1c6f799a33818498d7f4f1e583c8e3",1,1,1,1,1,1,1,1,1,1,1,1,1,1,0,93
"MetaOptima (DermEngine)","https://www.notion.so/MetaOptima-DermEngine-23dc6f799a33810b8702cb15089b5edc",1,1,1,1,1,1,1,1,1,1,1,1,1,1,1,100
"Sanctuary AI","https://www.notion.so/Sanctuary-AI-23dc6f799a3381c19745c23026f9b5f0",1,1,1,1,1,1,1,1,1,1,1,1,1,1,1,100
"D-Wave Systems","https://www.notion.so/D-Wave-Systems-1f8c6f799a3381cb926dec8330e0ff04",1,1,1,1,1,1,1,1,1,1,1,1,1,1,1,100
"Hootsuite","https://www.notion.so/Hootsuite-1f7c6f799a338162ad8edbc2864b7f80",1,1,1,1,1,1,1,1,1,1,1,1,1,1,1,100
"Klue","https://www.notion.so/Klue-1f1c6f799a33819098dbd86a03011dc6",1,1,1,1,1,1,1,1,1,1,1,1,1,1,1,100
